configuration,method,models,MAE,RMSE,MAPE,R2,MASE,n_hours
Diversity-guided heterogeneous,Equal weight,"LinearRegression, GradientBoosting, GRU, ETS_day, Naive_day",6.147280595365163,8.666623815404016,19.554390068187374,0.5423997260369535,0.7777727434942288,8664
Accuracy-only top five,ElasticNet stacking,"ElasticNet, Ridge, LightGBM, GradientBoosting, XGBoost",6.325401647650827,8.881973264914897,22.758070329156407,0.5193761620332182,0.8003091638448391,8664
Accuracy-only top five,Ridge stacking,"ElasticNet, Ridge, LightGBM, GradientBoosting, XGBoost",6.345970700824112,8.896079301939507,22.76866864594958,0.5178483300775529,0.8029116233664895,8664
Diversity-guided heterogeneous,ElasticNet stacking,"LinearRegression, GradientBoosting, GRU, ETS_day, Naive_day",6.3580075121525415,8.962798286547327,22.115729717187456,0.5105891098415412,0.8044345575525251,8664
Diversity-guided heterogeneous,Ridge stacking,"LinearRegression, GradientBoosting, GRU, ETS_day, Naive_day",6.363199153742135,8.968816252568915,22.124617583632418,0.5099316707710813,0.8050914199260145,8664
Five least-correlated (2017),ElasticNet stacking,"XGBoost, Bagging, LSTM, ETS_day, Naive_day",6.441617854837089,9.046702099804952,22.1939792081341,0.5013831357579885,0.8150131938463171,8664
Five least-correlated (2017),Ridge stacking,"XGBoost, Bagging, LSTM, ETS_day, Naive_day",6.444732495702757,9.04962945404764,22.200869642648854,0.5010603961934578,0.8154072677353333,8664
Single base model,ElasticNet,ElasticNet,6.511159602608495,8.825554222692949,20.99828975028361,0.5254626955486831,0.8238118284803584,8664
Single base model,Ridge,Ridge,6.52949768709603,8.855123746387227,21.216075401587258,0.5222775474746975,0.8261320190200668,8664
All 12 models,ElasticNet stacking,"LinearRegression, Ridge, ElasticNet, GradientBoosting, RandomForest, XGBoost, LightGBM, Bagging, GRU, LSTM, ETS_day, Naive_day",6.626026806759054,9.145990719860894,23.296651871492386,0.4903783182442426,0.8383451784915896,8664
Five least-correlated (2017),Equal weight,"XGBoost, Bagging, LSTM, ETS_day, Naive_day",6.67618718793692,9.124800963711762,20.530702021433374,0.49273700196057313,0.844691623342804,8664
All 12 models,Ridge stacking,"LinearRegression, Ridge, ElasticNet, GradientBoosting, RandomForest, XGBoost, LightGBM, Bagging, GRU, LSTM, ETS_day, Naive_day",6.681994232609141,9.194747533976452,23.37070466628366,0.48493030045551777,0.845426348396629,8664
All 12 models,Equal weight,"LinearRegression, Ridge, ElasticNet, GradientBoosting, RandomForest, XGBoost, LightGBM, Bagging, GRU, LSTM, ETS_day, Naive_day",6.693655519402922,9.068533117007572,21.193005046882675,0.4989737611266011,0.8469017700699313,8664
Non-statistical ML-DL,ElasticNet stacking,"LinearRegression, Ridge, ElasticNet, GradientBoosting, RandomForest, XGBoost, LightGBM, Bagging, GRU, LSTM",6.714779011841604,9.243009699408189,23.807682478516405,0.47950902742257906,0.8495743789432924,8664
Non-statistical ML-DL,Ridge stacking,"LinearRegression, Ridge, ElasticNet, GradientBoosting, RandomForest, XGBoost, LightGBM, Bagging, GRU, LSTM",6.766526346240495,9.288214599184537,23.879999109538634,0.4744054347250438,0.856121609970014,8664
Accuracy-only top five,Equal weight,"ElasticNet, Ridge, LightGBM, GradientBoosting, XGBoost",6.853589747228094,9.319998181876096,22.276655343549077,0.47080218885646996,0.8671371377621109,8664
Single base model,Naive_day,Naive_day,6.975585180055401,10.41144931815125,20.65010284645174,0.3395974178645246,0.8825723730684999,8664
Single base model,LinearRegression,LinearRegression,7.025383434903047,9.515105603985095,22.356663778688525,0.4484135241533974,0.8888730005887859,8664
Homogeneous tree-based,ElasticNet stacking,"GradientBoosting, RandomForest, XGBoost, LightGBM, Bagging",7.1230145115238646,9.874162087986699,24.99379934222426,0.4059993940341041,0.9012255830251434,8664
Homogeneous tree-based,Ridge stacking,"GradientBoosting, RandomForest, XGBoost, LightGBM, Bagging",7.1315178789631615,9.88355119265385,25.01288181731345,0.40486921500854767,0.9023014550826493,8664
Non-statistical ML-DL,Equal weight,"LinearRegression, Ridge, ElasticNet, GradientBoosting, RandomForest, XGBoost, LightGBM, Bagging, GRU, LSTM",7.16595651765869,9.496646693044536,22.46865681055095,0.45055155814539194,0.9066587369872077,8664
Single base model,LightGBM,LightGBM,7.245831142596182,9.912359797344438,23.73782675899527,0.40139478073403423,0.9167647188452743,8664
Single base model,GRU,GRU,7.258286523545707,9.514250085266774,22.141309456798737,0.44851270777997654,0.9183406117400419,8664
Single base model,GradientBoosting,GradientBoosting,7.599999804705289,10.096777783719322,23.357559944322233,0.3789136562686013,0.9615752212641764,8664
Homogeneous tree-based,Equal weight,"GradientBoosting, RandomForest, XGBoost, LightGBM, Bagging",7.667893193585814,10.225527568852753,23.678064748630966,0.3629730120272747,0.9701653004895401,8664
Single base model,XGBoost,XGBoost,7.838282938942751,10.594397497016153,24.600535791131932,0.3161845470553759,0.9917235322399284,8664
Single base model,RandomForest,RandomForest,8.34277526920483,10.85080886935231,24.278366440413187,0.28268384589498763,1.0555534449456498,8664
Single base model,ETS_day,ETS_day,8.485191684053415,11.357720633811573,22.270611549670058,0.2140973590445957,1.0735724053586349,8664
Single base model,Bagging,Bagging,8.527231993546605,11.023027124848742,24.522098377454643,0.2597334320525535,1.0788914739035975,8664
Single base model,LSTM,LSTM,8.813939053554941,10.923070854209623,24.699334010456607,0.27309796364568095,1.1151665280812084,8664
