,LinearRegression,Ridge,ElasticNet,GradientBoosting,RandomForest,XGBoost,LightGBM,Bagging,GRU,LSTM,ETS_day,Naive_day
LinearRegression,1.0,0.8817818251278293,0.8839426775922862,0.7058081903517486,0.6417765024764062,0.6724673439527654,0.7269184615320962,0.6381225190736575,0.6988169009345809,0.6662372652575634,0.5603339712917447,0.6309178536567094
Ridge,0.8817818251278293,1.0,0.9978193691749512,0.8403904237901481,0.753968815956226,0.7892497724187502,0.8529979334541572,0.7513550196336902,0.822348830371963,0.7841855267888106,0.6354836342105551,0.7548940883676513
ElasticNet,0.8839426775922862,0.9978193691749512,1.0,0.8368255752932797,0.750527860340138,0.7853056476059347,0.8495550984823679,0.748272072145684,0.8196371587891456,0.7789062888045295,0.6411082548751851,0.7523147351649729
GradientBoosting,0.7058081903517486,0.8403904237901481,0.8368255752932797,1.0,0.9319851065377808,0.9606452064726138,0.9484488847379434,0.9303625365602026,0.9039852503847507,0.8716860678069512,0.45064310554342435,0.5905913392203217
RandomForest,0.6417765024764062,0.753968815956226,0.750527860340138,0.9319851065377808,1.0,0.9218600696991709,0.8985666259330278,0.9945834334758833,0.9118291594221345,0.8792911438708719,0.38890445678346086,0.537496400906504
XGBoost,0.6724673439527654,0.7892497724187502,0.7853056476059347,0.9606452064726138,0.9218600696991709,1.0,0.940668238179324,0.9170482503618377,0.8667088332697526,0.8422125627446283,0.3993166958982276,0.5320086059954093
LightGBM,0.7269184615320962,0.8529979334541572,0.8495550984823679,0.9484488847379434,0.8985666259330278,0.940668238179324,1.0,0.8929822959452411,0.8738105468449074,0.8456694476881166,0.45215344272615415,0.6100515767406226
Bagging,0.6381225190736575,0.7513550196336902,0.748272072145684,0.9303625365602026,0.9945834334758833,0.9170482503618377,0.8929822959452411,1.0,0.9121260424080408,0.8765344068603975,0.3899427260212528,0.53882791358706
GRU,0.6988169009345809,0.822348830371963,0.8196371587891456,0.9039852503847507,0.9118291594221345,0.8667088332697526,0.8738105468449074,0.9121260424080408,1.0,0.9230635544738016,0.4606051789133791,0.589678879098223
LSTM,0.6662372652575634,0.7841855267888106,0.7789062888045295,0.8716860678069512,0.8792911438708719,0.8422125627446283,0.8456694476881166,0.8765344068603975,0.9230635544738016,1.0,0.43052017994315456,0.5940275575323665
ETS_day,0.5603339712917447,0.6354836342105551,0.6411082548751851,0.45064310554342435,0.38890445678346086,0.3993166958982276,0.45215344272615415,0.3899427260212528,0.4606051789133791,0.43052017994315456,1.0,0.5431817130841153
Naive_day,0.6309178536567094,0.7548940883676513,0.7523147351649729,0.5905913392203217,0.537496400906504,0.5320086059954093,0.6100515767406226,0.53882791358706,0.589678879098223,0.5940275575323665,0.5431817130841153,1.0
