method,horizon,MAE,RMSE
Proposed heterogeneous equal weight,1,6.344739046737746,8.847424866525156
Proposed heterogeneous equal weight,2,7.126827847752192,9.793621626829495
Proposed heterogeneous equal weight,3,7.336860089186402,10.057731271897525
Proposed heterogeneous equal weight,4,7.421027352491395,10.174754010306842
Proposed heterogeneous equal weight,5,7.36482220829102,10.066570117357555
Proposed heterogeneous equal weight,6,6.9460742988203465,9.477115385528277
Proposed heterogeneous equal weight,7,6.835428252819313,9.269792686680415
Proposed heterogeneous equal weight,8,6.491382623642987,8.964575202339597
Proposed heterogeneous equal weight,9,6.47091972754997,9.084310262870352
Proposed heterogeneous equal weight,10,5.802613401025918,8.403872975590112
Proposed heterogeneous equal weight,11,5.134921594322439,7.742131797296038
Proposed heterogeneous equal weight,12,5.060917762021333,7.582065810771647
Proposed heterogeneous equal weight,13,5.313481002551872,7.757524306907558
Proposed heterogeneous equal weight,14,5.502593394391059,8.062383513741253
Proposed heterogeneous equal weight,15,5.890993706090213,8.252312233906197
Proposed heterogeneous equal weight,16,6.618458754604519,8.90418368973856
Proposed heterogeneous equal weight,17,6.7762747953614175,9.209828444954898
Proposed heterogeneous equal weight,18,6.426236822459191,8.941023775064503
Proposed heterogeneous equal weight,19,6.1467796890604385,8.853364401292893
Proposed heterogeneous equal weight,20,5.585086818585071,8.158935752575125
Proposed heterogeneous equal weight,21,5.126351044138984,7.257112187951698
Proposed heterogeneous equal weight,22,4.744922947676924,6.856203047919269
Proposed heterogeneous equal weight,23,5.070017839331483,7.013683593789259
Proposed heterogeneous equal weight,24,5.997003269851681,8.03781968909856
Single ElasticNet,1,6.569062263157895,8.853581181313846
Single ElasticNet,2,7.518957110803323,9.977251783651951
Single ElasticNet,3,7.841271019390582,10.352926727264604
Single ElasticNet,4,7.8662660941828255,10.373868044046038
Single ElasticNet,5,7.898438249307478,10.326126730614757
Single ElasticNet,6,7.654827393351801,9.89633490101622
Single ElasticNet,7,7.526032390581717,9.665327124552705
Single ElasticNet,8,7.031117637119114,9.209641400494007
Single ElasticNet,9,6.731494542936288,9.093649021340275
Single ElasticNet,10,5.985755432132963,8.36433442989687
Single ElasticNet,11,5.51648316066482,7.810486232808289
Single ElasticNet,12,5.510058418282548,7.721804148998581
Single ElasticNet,13,5.679955695290859,7.864856619162996
Single ElasticNet,14,5.910012069252078,8.132367479225913
Single ElasticNet,15,6.445093354570638,8.519713004957332
Single ElasticNet,16,7.124210099722991,9.159436205547658
Single ElasticNet,17,7.329410038781164,9.434972520474613
Single ElasticNet,18,6.856703493074792,9.064963629444096
Single ElasticNet,19,6.232380443213295,8.8912579744083
Single ElasticNet,20,5.6596717839335176,8.232227617127963
Single ElasticNet,21,5.183260941828254,7.386151987948679
Single ElasticNet,22,4.6131457700831024,6.752163223468326
Single ElasticNet,23,5.117901797783934,7.001098779471682
Single ElasticNet,24,6.466321263157895,8.300507069330113
Single Ridge,1,6.552763750692521,8.89258971946453
Single Ridge,2,7.402555227146814,9.926636498489616
Single Ridge,3,7.689366725761772,10.27171004288213
Single Ridge,4,7.733135426592797,10.316218482086983
Single Ridge,5,7.770721213296398,10.27731200147937
Single Ridge,6,7.521490484764543,9.829372568982603
Single Ridge,7,7.5209297894736835,9.677157654168905
Single Ridge,8,7.0927765983379505,9.295643442689986
Single Ridge,9,6.830154725761773,9.184468516488511
Single Ridge,10,6.118724855955678,8.4720199241081
Single Ridge,11,5.592705415512466,7.878473330239732
Single Ridge,12,5.5721350941828245,7.782721698004173
Single Ridge,13,5.716723121883657,7.9094396941975385
Single Ridge,14,5.938651578947368,8.160747050657493
Single Ridge,15,6.428632036011081,8.517286516674712
Single Ridge,16,7.096699698060942,9.148027288951834
Single Ridge,17,7.344107639889197,9.458303772287096
Single Ridge,18,6.924416700831024,9.133059124791451
Single Ridge,19,6.303536155124655,8.982161006943528
Single Ridge,20,5.775344656509695,8.355176934181948
Single Ridge,21,5.333470933518006,7.509000553151711
Single Ridge,22,4.735847346260388,6.821019149302854
Single Ridge,23,5.193034268698061,7.065018659113866
Single Ridge,24,6.520021047091414,8.350318950662615
Accuracy top-five ElasticNet stack,1,6.535998221531254,8.806524330089879
Accuracy top-five ElasticNet stack,2,7.458800856673409,10.099634800787857
Accuracy top-five ElasticNet stack,3,7.440562021676654,10.164663615127097
Accuracy top-five ElasticNet stack,4,7.325791007181794,10.23174892755927
Accuracy top-five ElasticNet stack,5,7.259343197020307,10.122749308324648
Accuracy top-five ElasticNet stack,6,7.196350980005321,9.80439004592562
Accuracy top-five ElasticNet stack,7,7.453715049114179,9.850383940207404
Accuracy top-five ElasticNet stack,8,6.8628637432283615,9.4151143380015
Accuracy top-five ElasticNet stack,9,6.399638631126474,9.226387335855183
Accuracy top-five ElasticNet stack,10,5.874651249932539,8.636024601078793
Accuracy top-five ElasticNet stack,11,5.383925071618036,7.832654637786244
Accuracy top-five ElasticNet stack,12,5.4075625793060835,7.73464122144494
Accuracy top-five ElasticNet stack,13,5.60697180467934,7.889315992417794
Accuracy top-five ElasticNet stack,14,5.62691693954819,8.121094691982766
Accuracy top-five ElasticNet stack,15,6.399299309053695,8.778760637066316
Accuracy top-five ElasticNet stack,16,6.885671887373965,9.155901611969412
Accuracy top-five ElasticNet stack,17,7.2640733038514655,9.564972167758295
Accuracy top-five ElasticNet stack,18,6.556293794567368,9.278984459117973
Accuracy top-five ElasticNet stack,19,6.041286166731795,9.071973177551214
Accuracy top-five ElasticNet stack,20,5.769866241499519,8.52430635007534
Accuracy top-five ElasticNet stack,21,5.084350498710794,7.446939936881847
Accuracy top-five ElasticNet stack,22,4.48920916643777,6.768298968498647
Accuracy top-five ElasticNet stack,23,5.003052183536653,6.919762771323957
Accuracy top-five ElasticNet stack,24,6.483445639214888,8.356677115515675
All-model ElasticNet stack,1,6.830321828330933,8.993332644469605
All-model ElasticNet stack,2,7.586947251534608,10.201347868577432
All-model ElasticNet stack,3,7.669783552808062,10.36655917913071
All-model ElasticNet stack,4,7.334495149420066,10.210841525083106
All-model ElasticNet stack,5,7.194952348975607,10.046706815402224
All-model ElasticNet stack,6,7.2639715430364795,9.835451272193932
All-model ElasticNet stack,7,7.8197765853093175,10.147669518436263
All-model ElasticNet stack,8,7.586324173730822,10.050271315010633
All-model ElasticNet stack,9,7.295915164202498,10.000336926478337
All-model ElasticNet stack,10,6.12379883377214,8.90187662414164
All-model ElasticNet stack,11,6.088278823187457,8.487689072880427
All-model ElasticNet stack,12,5.543410844048773,7.915171224417989
All-model ElasticNet stack,13,6.189932449372034,8.470648940071696
All-model ElasticNet stack,14,5.871269424679519,8.462691600467542
All-model ElasticNet stack,15,7.334690863989442,9.810402229982914
All-model ElasticNet stack,16,7.643914554730624,9.905830600736872
All-model ElasticNet stack,17,7.082579698470901,9.45158328033599
All-model ElasticNet stack,18,6.582054791027155,9.327725188674576
All-model ElasticNet stack,19,6.44110663877276,9.284630028102768
All-model ElasticNet stack,20,6.001218602977419,8.663572657219007
All-model ElasticNet stack,21,5.4099564322448455,7.698609282605496
All-model ElasticNet stack,22,4.586596089516844,6.84131291192061
All-model ElasticNet stack,23,5.170011764031968,6.873797081896383
All-model ElasticNet stack,24,6.373335954047028,8.163831880640636
Seasonal naive,1,7.5671745152354575,10.869285106471436
Seasonal naive,2,8.149113573407202,11.840891364684051
Seasonal naive,3,8.249833795013851,11.858778426202795
Seasonal naive,4,8.21349030470914,11.936324306508201
Seasonal naive,5,8.151495844875347,11.891080795834952
Seasonal naive,6,7.701717451523545,11.122219631399386
Seasonal naive,7,7.961578947368421,11.304649583957323
Seasonal naive,8,8.15426592797784,11.835842074720688
Seasonal naive,9,8.090858725761773,12.030124054412028
Seasonal naive,10,7.127036011080333,10.787308640287948
Seasonal naive,11,6.367867036011081,9.837991766334216
Seasonal naive,12,6.116260387811635,9.408608202611548
Seasonal naive,13,6.287839335180055,9.54135998773301
Seasonal naive,14,6.33781163434903,9.757362743120245
Seasonal naive,15,6.516814404432132,9.867250639365325
Seasonal naive,16,7.170249307479224,10.579832039469224
Seasonal naive,17,7.590110803324101,11.040375196864218
Seasonal naive,18,7.182105263157895,10.556126550787114
Seasonal naive,19,6.700443213296398,10.236905100604439
Seasonal naive,20,6.062105263157895,9.277583743130714
Seasonal naive,21,5.584376731301939,8.315572149058957
Seasonal naive,22,5.030249307479225,7.758804845566033
Seasonal naive,23,5.147756232686981,7.604767749298833
Seasonal naive,24,5.953490304709141,8.591475853467797
