horizon,n_calibration_days,lower_residual_quantile,upper_residual_quantile
1,361,-13.989954260311727,19.320930553236668
2,361,-16.511430963306793,20.17113916172042
3,361,-13.979894783427838,19.897488910428372
4,361,-15.156945355183211,19.12743243718991
5,361,-14.781383144583486,18.87112833378547
6,361,-16.003152993791616,21.05531012232791
7,361,-17.980692198416044,21.450357282345855
8,361,-21.14904617173896,24.53630009180599
9,361,-22.304325101708688,24.418181269318495
10,361,-19.21050597372198,23.44082899973742
11,361,-17.198456908103914,21.964802393631388
12,361,-16.320285946585372,21.539743489523943
13,361,-16.326572530295444,21.164778739284486
14,361,-17.412872197475195,21.266248053510466
15,361,-16.40505523464926,21.204640906541414
16,361,-18.95588341148612,21.33343381694978
17,361,-19.59087108050239,22.17303136533244
18,361,-21.606278965904615,22.96652002090032
19,361,-20.711142858958382,24.78667490243302
20,361,-18.468970086006237,25.484515393654057
21,361,-15.820835000375567,22.541682577537053
22,361,-15.012054939170227,18.137278977676488
23,361,-13.680250481275749,20.374686438625616
24,361,-13.366088410261781,20.72192637784829
