horizon,PICP,MPIW,interval_score,CRPS,n_predictions,nominal_coverage
1,0.9418282548476454,33.3108848135484,54.7639305147406,4.43000839249106,361,0.95
2,0.9473684210526315,36.682570125027205,57.84040635688657,4.884086503905955,361,0.95
3,0.9335180055401662,33.87738369385621,60.52794034305663,5.0331148282104525,361,0.95
4,0.9224376731301939,34.28437779237312,59.839236464894555,5.0349804238518585,361,0.95
5,0.9307479224376731,33.652511478368965,58.90250069269586,4.986845375550705,361,0.95
6,0.9501385041551247,37.058463116119526,54.688319298862254,4.708801495484704,361,0.95
7,0.961218836565097,39.43104948076189,53.6838873200782,4.678407795811177,361,0.95
8,0.9695290858725761,45.68534626354494,54.95746403509048,4.596289870082065,361,0.95
9,0.9695290858725761,46.72250637102718,55.871975972436296,4.669928791980711,361,0.95
10,0.9722991689750693,42.6513349734594,53.656384585091814,4.278233376480608,361,0.95
11,0.9695290858725761,39.16325930173531,51.622338128986655,3.9421685743359642,361,0.95
12,0.9695290858725761,37.86002943610931,50.2594461281082,3.867648320547153,361,0.95
13,0.9695290858725761,37.49135126957992,49.79838538589035,3.990136715765473,361,0.95
14,0.961218836565097,38.679120250985655,50.726878091602465,4.127584342106428,361,0.95
15,0.9556786703601108,37.609696141190675,49.484909269341244,4.248384700850811,361,0.95
16,0.9667590027700831,40.28931722843589,50.25894072514357,4.59633217173856,361,0.95
17,0.96398891966759,41.76390244583484,53.01697392567304,4.817722591657148,361,0.95
18,0.9750692520775623,44.57279898680493,53.9445625896067,4.646154972985516,361,0.95
19,0.9695290858725761,45.497817761391396,58.41695487967536,4.55487587938844,361,0.95
20,0.9722991689750693,43.953485479660294,56.47581132062959,4.196996670231454,361,0.95
21,0.9750692520775623,38.36251757791263,48.65974132705843,3.7925915892190702,361,0.95
22,0.9667590027700831,33.14933391684672,42.96607589889204,3.554327531819132,361,0.95
23,0.9667590027700831,34.054936919901365,43.781800459776186,3.6506728442838305,361,0.95
24,0.9418282548476454,34.08801478811007,47.347997265791996,4.156989804945408,361,0.95
