delivery_day,y_true,prediction,lower_95,upper_95
2018-01-01,7.639166666666667,23.55975397337869,8.736458493157018,42.677699375944144
2018-01-02,54.33291666666668,21.57210012519165,6.748804644969978,40.6900455277571
2018-01-03,51.59583333333333,52.624133241114386,37.80083776089271,71.74207864367983
2018-01-04,25.9425,47.73632642596854,32.91303094574687,66.854271828534
2018-01-05,39.67,32.84073517592776,18.017439695706088,51.958680578493215
2018-01-06,63.29874999999999,44.52704044061409,29.703744960392413,63.64498584317954
2018-01-07,56.26083333333333,59.54755100306804,44.72425552284636,78.66549640563349
2018-01-08,62.663333333333334,57.277381687722546,42.45408620750087,76.39532709028799
2018-01-09,64.1325,61.126276061470016,46.30298058124834,80.24422146403546
2018-01-10,64.42458333333333,62.59173156776628,47.76843608754461,81.70967697033173
2018-01-11,63.915416666666665,61.83156788511851,47.008272404896836,80.94951328768396
2018-01-12,60.81,60.01877812158977,45.195482641368095,79.13672352415522
2018-01-13,55.319583333333334,59.01278449105727,44.189489010835594,78.13072989362271
2018-01-14,53.17166666666666,54.79000313191627,39.9667076516946,73.90794853448172
2018-01-15,57.992916666666666,57.547337704116465,42.72404222389479,76.66528310668191
2018-01-16,51.682500000000005,54.60460733234405,39.78131185212238,73.7225527349095
2018-01-17,52.56,49.2973149862115,34.47401950598982,68.41526038877694
2018-01-18,57.596666666666664,55.4822827091611,40.658987228939424,74.60022811172655
2018-01-19,55.11041666666667,57.93350500754755,43.11020952732588,77.051450410113
2018-01-20,47.5925,54.050341881290386,39.22704640106871,73.16828728385583
2018-01-21,43.1575,43.428135615780484,28.60484013555881,62.54608101834593
2018-01-22,53.73791666666667,53.718397068307844,38.89510158808617,72.83634247087329
2018-01-23,57.96166666666667,53.98524384069606,39.16194836047438,73.10318924326151
2018-01-24,56.53541666666666,59.63857935906003,44.81528387883836,78.75652476162549
2018-01-25,53.40541666666667,57.0135890144468,42.19029353422513,76.13153441701225
2018-01-26,48.861250000000005,50.33382948719119,35.510534006969515,69.45177488975663
2018-01-27,48.58375,49.43175007206927,34.6084545918476,68.54969547463472
2018-01-28,48.932916666666664,52.982242283521295,38.15894680329962,72.10018768608674
2018-01-29,54.70458333333334,56.20389346826661,41.38059798804493,75.32183887083205
2018-01-30,53.98083333333333,52.59984897916693,37.776553498945255,71.71779438173238
2018-01-31,57.07333333333333,54.48323626001479,39.65994077979312,73.60118166258025
2018-02-01,37.690000000000005,55.97729027008658,41.1539947898649,75.09523567265202
2018-02-02,50.78708333333333,40.31529522151839,25.491999741296716,59.43324062408384
2018-02-03,50.607916666666675,53.06714408606613,38.243848605844455,72.18508948863158
2018-02-04,28.392083333333336,42.501282890091225,27.67798740986955,61.61922829265667
2018-02-05,45.24166666666667,32.779765374815526,17.95646989459385,51.89771077738098
2018-02-06,60.71666666666667,44.79091292781255,29.967617447590875,63.908858330377996
2018-02-07,60.617916666666666,60.59637946663616,45.773083986414484,79.7143248692016
2018-02-08,64.11458333333333,56.810015991096066,41.98672051087439,75.92796139366152
2018-02-09,64.08416666666666,63.070105785180054,48.24681030495838,82.1880511877455
2018-02-10,66.17291666666667,62.77501590508816,47.95172042486649,81.89296130765361
2018-02-11,63.798333333333325,61.7915086913201,46.96821321109842,80.90945409388554
2018-02-12,56.27375,62.686143371844985,47.86284789162331,81.80408877441043
2018-02-13,51.74666666666667,59.07023645051709,44.24694097029542,78.18818185308254
2018-02-14,48.40875,50.409246435397996,35.58595095517632,69.52719183796344
2018-02-15,54.85541666666668,47.70771292798074,32.88441744775906,66.82565833054619
2018-02-16,59.95083333333333,56.48595674306404,41.66266126284236,75.60390214562949
2018-02-17,50.93083333333334,56.27235571298087,41.449060232759194,75.39030111554632
2018-02-18,51.02708333333334,50.05966720762763,35.23637172740596,69.17761261019308
2018-02-19,56.59125,55.991758543867576,41.1684630636459,75.10970394643303
2018-02-20,52.2875,51.56605024692743,36.74275476670576,70.68399564949289
2018-02-21,49.75375,49.00131137268124,34.17801589245957,68.1192567752467
2018-02-22,53.42458333333334,49.980939841991905,35.15764436177023,69.09888524455735
2018-02-23,57.64791666666667,55.187839842950105,40.36454436272843,74.30578524551555
2018-02-24,59.42791666666667,55.430436271657406,40.60714079143573,74.54838167422285
2018-02-25,57.963750000000005,55.791546043373295,40.96825056315162,74.90949144593874
2018-02-26,58.790416666666665,55.424145760995025,40.60085028077335,74.54209116356047
2018-02-27,64.09625,57.80552340676792,42.982227926546244,76.92346880933337
2018-02-28,57.553333333333335,60.83322167359637,46.009926193374696,79.95116707616182
2018-03-01,37.947916666666664,53.08410577466103,38.26081029443936,72.20205117722648
2018-03-02,49.24375,41.639154122217285,26.81585864199561,60.75709952478273
2018-03-03,44.530833333333334,48.25329018041361,33.42999470019193,67.37123558297905
2018-03-04,31.077916666666663,46.25123375957935,31.427938279357676,65.3691791621448
2018-03-05,42.87291666666667,35.06640995247386,20.243114472252188,54.184355355039315
2018-03-06,54.74333333333334,42.855331856784424,28.03203637656275,61.97327725934987
2018-03-07,61.20666666666667,55.88562351058445,41.06232803036278,75.0035689131499
2018-03-08,67.88708333333334,58.3828530936705,43.559557613448824,77.50079849623594
2018-03-09,70.44375000000001,61.41414824011724,46.59085275989557,80.5320936426827
2018-03-10,71.27625,62.52976583015978,47.70647034993811,81.64771123272523
2018-03-11,63.76999999999999,63.01498743198579,48.19169195176411,82.13293283455124
2018-03-12,61.77708333333334,62.89273080227525,48.06943532205358,82.0106762048407
2018-03-13,48.500416666666666,62.04344955123608,47.220154071014406,81.16139495380153
2018-03-14,37.96,45.12019046882444,30.296894988602766,64.23813587138989
2018-03-15,33.517500000000005,30.1308456572752,15.307550177053526,49.24879105984065
2018-03-16,45.39208333333334,35.1723192874319,20.349023807210223,54.29026468999734
2018-03-17,45.610833333333325,41.6723660579599,26.849070577738225,60.790311460525345
2018-03-18,39.3825,49.34256697433485,34.51927149411318,68.4605123769003
2018-03-19,45.55958333333333,42.20636337386966,27.383067893647983,61.3243087764351
2018-03-20,38.764583333333334,43.41459502037227,28.591299540150594,62.532540422937714
2018-03-21,45.49333333333333,39.45412958686629,24.630834106644613,58.57207498943174
2018-03-22,54.095416666666665,50.27253429784488,35.449238817623204,69.39047970041032
2018-03-23,46.52583333333333,50.95206301171691,36.128767531495235,70.07000841428236
2018-03-24,22.912499999999998,42.04669295474882,27.223397474527147,61.164638357314274
2018-03-27,46.77791666666667,49.17936634721186,34.35607086699019,68.29731174977731
2018-03-28,44.2225,46.66501423399766,31.841718753775986,65.7829596365631
2018-03-29,27.73125,41.763464022004335,26.94016854178266,60.88140942456978
2018-03-30,4.49625,27.623355677073704,12.800060196852032,46.74130107963916
2018-03-31,12.596666666666666,13.219846386067045,-1.6034490941546267,32.337791788632494
2018-04-01,36.55166666666667,31.559365191376642,16.73606971115497,50.677310593942096
2018-04-02,52.6975,43.3148080195711,28.49151253934943,62.43275342213656
2018-04-03,44.507083333333334,50.74566218439124,35.92236670416957,69.86360758695669
2018-04-04,31.0325,42.19321521801201,27.369919737790333,61.31116062057745
2018-04-05,42.155,38.400349399317314,23.57705391909564,57.51829480188276
2018-04-06,57.92291666666667,44.924205481718424,30.10091000149675,64.04215088428387
2018-04-07,60.995000000000005,54.52675764051898,39.703462160297306,73.64470304308443
2018-04-08,65.42208333333333,54.79622093565147,39.972925455429795,73.91416633821692
2018-04-09,71.30624999999999,58.835814490922246,44.01251901070057,77.9537598934877
2018-04-10,73.88083333333333,63.43655724430244,48.61326176408077,82.55450264686789
2018-04-11,59.80208333333334,64.30057300047183,49.477277520250155,83.41851840303728
2018-04-12,66.54291666666667,55.72961933405682,40.90632385383515,74.84756473662227
2018-04-13,58.96666666666667,60.89879838055762,46.07550290033595,80.01674378312308
2018-04-14,50.1,53.159447219276956,38.33615173905528,72.27739262184241
2018-04-15,37.900000000000006,44.7451219923262,29.921826512104523,63.863067394891644
2018-04-16,48.110833333333325,46.40937342971245,31.58607794949078,65.5273188322779
2018-04-17,51.74791666666667,50.70491195430748,35.8816164740858,69.82285735687293
2018-04-18,51.43875,52.07718552904726,37.25389004882559,71.19513093161271
2018-04-19,46.345416666666665,48.65029542451044,33.826999944288765,67.76824082707589
2018-04-20,40.29,43.52032833974902,28.697032859527347,62.63827374231447
2018-04-21,38.371249999999996,39.67806892070251,24.854773440480834,58.796014323267954
2018-04-22,41.04,38.26358226951544,23.440286789293765,57.38152767208089
2018-04-23,50.22875,43.04377653527565,28.220481055053973,62.161721937841094
2018-04-24,48.35124999999999,47.32897409786062,32.50567861763895,66.44691950042608
2018-04-25,45.942083333333336,46.75322786116747,31.929932380945793,65.87117326373291
2018-04-26,46.331250000000004,39.54273617448018,24.71944069425851,58.66068157704564
2018-04-27,49.72458333333333,47.51772286069888,32.69442738047721,66.63566826326434
2018-04-28,43.85124999999999,43.325009477812046,28.50171399759037,62.4429548803775
2018-04-29,27.210416666666664,43.547895483191205,28.72460000296953,62.66584088575665
2018-04-30,42.17,41.735665630154195,26.91237014993252,60.85361103271964
2018-05-01,42.20458333333333,42.01359244886626,27.19029696864459,61.131537851431716
2018-05-02,55.45041666666666,45.02954720544526,30.206251725223588,64.14749260801071
2018-05-03,50.99125,47.31421634384841,32.490920863626734,66.43216174641385
2018-05-04,48.13125,45.05921420647682,30.235918726255143,64.17715960904226
2018-05-05,45.35791666666666,42.22365174156923,27.400356261347554,61.34159714413468
2018-05-06,58.779583333333335,47.7598342753142,32.936538795092524,66.87777967787964
2018-05-07,59.15041666666667,55.84905109138382,41.02575561116215,74.96699649394927
2018-05-08,63.9925,55.79472808003637,40.9714325998147,74.91267348260182
2018-05-09,74.5825,61.626934529059135,46.80363904883746,80.74487993162458
2018-05-10,72.95375,64.63892223768599,49.815626757464315,83.75686764025144
2018-05-11,60.68958333333333,62.0506865290395,47.22739104881783,81.16863193160495
2018-05-12,63.41541666666666,54.164961717052904,39.34166623683123,73.28290711961836
2018-05-13,34.227916666666665,55.49760520010187,40.6743097198802,74.61555060266733
2018-05-14,52.37958333333333,45.86499671433419,31.041701234112516,64.98294211689964
2018-05-15,49.85458333333333,51.06201498384356,36.23871950362189,70.17996038640901
2018-05-16,51.48500000000001,47.01604260300922,32.192747122787544,66.13398800557466
2018-05-17,54.00666666666667,49.37257376063474,34.54927828041306,68.49051916320019
2018-05-18,57.23541666666666,51.230801758558805,36.40750627833713,70.34874716112425
2018-05-19,60.39291666666667,52.605768067230294,37.78247258700862,71.72371346979574
2018-05-20,59.1625,53.64260708868616,38.81931160846449,72.76055249125162
2018-05-21,62.68458333333333,57.508310571942395,42.68501509172072,76.62625597450784
2018-05-22,63.44333333333333,57.608325969328355,42.78503048910668,76.7262713718938
2018-05-23,64.90791666666667,57.06102431818207,42.2377288379604,76.17896972074752
2018-05-24,64.17333333333333,59.47100734204198,44.647711861820305,78.58895274460743
2018-05-25,64.73916666666666,57.76071224914301,42.93741676892134,76.87865765170847
2018-05-26,61.11416666666668,57.175981198630474,42.3526857184088,76.29392660119592
2018-05-27,60.10375,55.81881341783026,40.99551793760859,74.93675882039571
2018-05-28,62.03333333333333,56.000821563676176,41.1775260834545,75.11876696624162
2018-05-29,65.46166666666666,57.45058898726364,42.62729350704197,76.5685343898291
2018-05-30,65.10875,58.70891113616559,43.885615655943916,77.82685653873104
2018-05-31,62.57416666666666,58.904751870447114,44.08145639022544,78.02269727301257
2018-06-01,45.844166666666666,57.05835892616435,42.23506344594268,76.1763043287298
2018-06-02,53.791666666666664,43.783627362610154,28.96033188238848,62.9015727651756
2018-06-03,49.92666666666667,45.04441857275511,30.22112309253344,64.16236397532056
2018-06-04,37.8025,45.56961178675905,30.746316306537373,64.6875571893245
2018-06-05,47.60166666666667,36.680210267951004,21.85691478772933,55.79815567051645
2018-06-06,62.512499999999996,48.605563191378536,33.78226771115686,67.72350859394399
2018-06-07,60.49125,56.59794708700884,41.77465160678717,75.71589248957429
2018-06-08,68.50583333333333,56.627499205390144,41.80420372516847,75.74544460795559
2018-06-09,71.04166666666667,59.978249791104595,45.15495431088292,79.09619519367004
2018-06-10,68.30333333333333,59.10186460041613,44.278569120194454,78.21981000298157
2018-06-11,59.15375,61.30841721241876,46.485121732197086,80.42636261498421
2018-06-12,61.093333333333334,54.63819450173719,39.814899021515515,73.75613990430264
2018-06-13,52.85541666666666,58.27268694320632,43.44939146298464,77.39063234577176
2018-06-14,57.83958333333333,50.60032835844487,35.777032878223196,69.71827376101032
2018-06-15,57.73541666666667,56.87242325796382,42.04912777774214,75.99036866052927
2018-06-16,52.83291666666668,51.77581953204507,36.952524051823396,70.89376493461052
2018-06-17,44.855,51.283847527254984,36.46055204703331,70.40179292982043
2018-06-18,54.666666666666664,47.61933579655591,32.796040316334235,66.73728119912136
2018-06-19,54.58041666666666,53.97858995031634,39.15529447009467,73.09653535288179
2018-06-20,61.4975,55.58584719946649,40.76255171924482,74.70379260203194
2018-06-21,60.862500000000004,58.132763152303504,43.30946767208183,77.25070855486895
2018-06-22,59.748749999999994,57.28080458722073,42.457509106999055,76.39874998978618
2018-06-23,56.73500000000001,55.385734433374374,40.5624389531527,74.50367983593982
2018-06-24,59.27166666666667,54.61653543388081,39.79323995365914,73.73448083644627
2018-06-25,61.5075,57.58764494878671,42.76434946856504,76.70559035135216
2018-06-26,62.67499999999999,59.790084103584356,44.96678862336268,78.9080295061498
2018-06-27,62.56125,59.43513317455389,44.611837694332216,78.55307857711934
2018-06-28,61.770833333333336,59.261000700230625,44.43770522000895,78.37894610279608
2018-06-29,61.77875,58.78626688570322,43.96297140548155,77.90421228826867
2018-06-30,58.77375000000001,56.73798037047987,41.914684890258194,75.85592577304531
2018-07-01,44.75083333333333,57.408464093116784,42.58516861289511,76.52640949568223
2018-07-02,56.19875,56.45387133006741,41.630575849845734,75.57181673263285
2018-07-03,51.34625,57.3818510274132,42.558555547191524,76.49979642997864
2018-07-04,41.40625,49.78199827079521,34.95870279057353,68.89994367336065
2018-07-05,56.434583333333336,46.816963603798406,31.993668123576732,65.93490900636385
2018-07-06,62.62833333333333,56.04053439081193,41.217238910590254,75.15847979337738
2018-07-07,60.68666666666667,59.154937721111935,44.33164224089026,78.27288312367739
2018-07-08,64.15666666666668,57.008312006749115,42.18501652652744,76.12625740931456
2018-07-09,68.05166666666666,60.35430447336828,45.53100899314661,79.47224987593373
2018-07-10,56.61375,64.2553202436393,49.43202476341763,83.37326564620476
2018-07-11,59.8975,63.329435899080124,48.50614041885845,82.44738130164558
2018-07-12,61.581250000000004,62.89967967760571,48.07638419738404,82.01762508017116
2018-07-13,63.24041666666667,59.364622032657934,44.54132655243626,78.48256743522339
2018-07-14,62.204583333333325,59.841431122115445,45.01813564189377,78.95937652468089
2018-07-15,59.365833333333335,59.94613937248707,45.122843892265394,79.06408477505252
2018-07-16,60.31541666666667,58.44236820935679,43.61907272913512,77.56031361192224
2018-07-17,63.074999999999996,62.792602901845875,47.9693074216242,81.91054830441132
2018-07-18,63.20041666666666,60.49797087236694,45.67467539214527,79.61591627493239
2018-07-19,64.32708333333333,63.13727971948929,48.31398423926762,82.25522512205474
2018-07-20,61.80125,61.6731467064043,46.84985122618263,80.79109210896975
2018-07-21,61.60666666666666,58.15746857007519,43.334173089853515,77.27541397264064
2018-07-22,59.66708333333333,59.8655539824903,45.04225850226862,78.98349938505575
2018-07-23,63.099583333333335,60.397741750922734,45.57444627070106,79.51568715348819
2018-07-24,64.86791666666666,62.96773936236175,48.144443882140074,82.0856847649272
2018-07-25,64.75666666666666,62.041748133895204,47.21845265367353,81.15969353646065
2018-07-26,66.01833333333333,62.79724086054832,47.97394538032665,81.91518626311377
2018-07-27,64.56541666666668,62.45299898122692,47.629703501005245,81.57094438379237
2018-07-28,63.596666666666664,58.80872719904692,43.98543171882525,77.92667260161237
2018-07-29,59.482499999999995,61.35620654915474,46.53291106893307,80.47415195172019
2018-07-30,64.36958333333332,60.89174640750267,46.068450927281,80.00969181006812
2018-07-31,65.41166666666668,63.697654656114274,48.8743591758926,82.81560005867972
2018-08-01,65.1125,62.01731064738022,47.19401516715855,81.13525604994567
2018-08-02,62.878750000000004,62.94627423671537,48.122978756493694,82.06421963928082
2018-08-03,47.99541666666667,62.33413660803664,47.51084112781496,81.45208201060208
2018-08-04,33.75625,44.34449455596599,29.521199075744313,63.462439958531434
2018-08-05,56.74583333333334,44.304113337100354,29.48081785687868,63.4220587396658
2018-08-06,62.076666666666675,55.49457662773937,40.671281147517696,74.61252203030482
2018-08-07,57.56666666666666,60.85778092061229,46.03448544039062,79.97572632317774
2018-08-08,64.90625,59.2149734362699,44.39167795604823,78.33291883883535
2018-08-09,69.19250000000001,61.48519444849996,46.66189896827829,80.60313985106541
2018-08-10,68.005,67.11696757209107,52.2936720918694,86.23491297465652
2018-08-11,62.61875,64.24404019240926,49.420744712187584,83.36198559497471
2018-08-12,59.99166666666667,57.14764373429801,42.324348254076334,76.26558913686345
2018-08-13,63.48875,61.15300550973589,46.32971002951422,80.27095091230134
2018-08-14,61.48208333333334,60.142866273315114,45.31957079309344,79.26081167588056
2018-08-15,59.379583333333336,62.727955140263326,47.90465966004165,81.84590054282877
2018-08-16,64.1325,62.90902945152434,48.085733971302666,82.02697485408979
2018-08-17,60.77125,61.246203064632304,46.42290758441063,80.36414846719775
2018-08-18,57.214999999999996,57.35968509142185,42.53638961120018,76.4776304939873
2018-08-19,56.632083333333334,59.30034296184656,44.477047481624886,78.418288364412
2018-08-20,62.944583333333334,60.743499165408615,45.92020368518694,79.86144456797406
2018-08-21,66.14166666666667,62.44761351934307,47.6243180391214,81.56555892190852
2018-08-22,68.52375,63.26898071803879,48.445685237817116,82.38692612060424
2018-08-23,67.68916666666667,66.04764765022735,51.22435217000567,85.1655930527928
2018-08-24,64.61041666666667,64.24932097103675,49.42602549081508,83.3672663736022
2018-08-25,62.189166666666665,61.138875778194,46.315580297972325,80.25682118075945
2018-08-26,64.67291666666667,62.299390030522034,47.47609455030036,81.41733543308749
2018-08-27,66.56458333333335,65.40154046008952,50.57824497986785,84.51948586265497
2018-08-28,67.66958333333334,65.81215329394276,50.98885781372108,84.93009869650821
2018-08-29,70.98666666666666,66.1310546845771,51.30775920435542,85.24900008714255
2018-08-30,69.65750000000001,66.05528674937129,51.23199126914962,85.17323215193674
2018-08-31,68.53,66.59835314206968,51.77505766184801,85.71629854463514
2018-09-01,58.58541666666667,64.14666468088014,49.32336920065846,83.26461008344559
2018-09-02,60.92249999999999,59.80925948254441,44.98596400232274,78.92720488510986
2018-09-03,43.13458333333333,55.68755307717515,40.86425759695348,74.8054984797406
2018-09-04,49.61083333333334,41.68080354147123,26.857508061249554,60.798748944036674
2018-09-05,55.719166666666666,47.71357598986608,32.890280509644406,66.83152139243153
2018-09-06,58.75749999999999,54.39827894209018,39.574983461868506,73.51622434465563
2018-09-07,61.06708333333333,59.85601738690457,45.032721906682895,78.97396278947002
2018-09-08,62.274166666666666,61.47703127127651,46.653735791054835,80.59497667384196
2018-09-09,70.86958333333334,58.83357518631058,44.01027970608891,77.95152058887604
2018-09-10,69.77999999999999,66.07991856711453,51.25662308689286,85.19786396967999
2018-09-11,59.182500000000005,63.767369861793696,48.94407438157202,82.88531526435915
2018-09-12,59.562916666666666,57.19980478265732,42.37650930243564,76.31775018522276
2018-09-13,74.76166666666667,62.91379599712642,48.09050051690475,82.03174139969187
2018-09-14,73.00458333333333,68.00340051355614,53.18010503333447,87.1213459161216
2018-09-15,70.44708333333334,66.24801909303346,51.42472361281179,85.36596449559892
2018-09-16,71.01291666666667,66.90018565150639,52.07689017128472,86.01813105407184
2018-09-17,72.37,68.94040507017932,54.11710958995765,88.05835047274478
2018-09-18,74.835,69.15881312505827,54.3355176448366,88.27675852762373
2018-09-19,75.93416666666667,70.83374041634775,56.01044493612608,89.9516858189132
2018-09-20,74.44583333333334,70.43876880926598,55.615473329044306,89.55671421183143
2018-09-21,73.2375,69.2057375185803,54.38244203835863,88.32368292114576
2018-09-22,72.06541666666666,66.52608809238913,51.70279261216746,85.64403349495458
2018-09-23,69.48416666666667,65.97296101278404,51.149665532562366,85.0909064153495
2018-09-24,65.71916666666668,65.04926713122912,50.22597165100744,84.16721253379457
2018-09-25,68.12875000000001,67.31654316032797,52.49324768010629,86.43448856289342
2018-09-26,71.11625,65.82271587898607,50.9994203987644,84.94066128155153
2018-09-27,73.1225,68.84060202860702,54.01730654838535,87.95854743117248
2018-09-28,75.92375,68.49807512843192,53.67477964821025,87.61602053099737
2018-09-29,70.07208333333334,67.06083786552999,52.237542385308316,86.17878326809544
2018-09-30,69.20333333333333,67.4573811365036,52.634085656281925,86.57532653906905
2018-10-01,53.919999999999995,64.44476902158526,49.621473541363585,83.56271442415071
2018-10-02,51.21958333333333,49.58230771039607,34.7590122301744,68.70025311296152
2018-10-03,31.96166666666667,56.9267835360264,42.103488055804725,76.04472893859185
2018-10-04,46.312916666666666,33.78089602979374,18.957600549572064,52.89884143235919
2018-10-05,52.74375,49.56761313328794,34.74431765306627,68.68555853585339
2018-10-06,55.90625,56.21542654380297,41.392131063581296,75.33337194636842
2018-10-07,60.68875,58.81163556798354,43.98834008776186,77.92958097054898
2018-10-08,62.15375,61.16127013527398,46.33797465505231,80.27921553783943
2018-10-09,72.44041666666668,62.073574698633344,47.25027921841167,81.19152010119879
2018-10-10,67.33083333333333,68.9676296370204,54.14433415679872,88.08557503958585
2018-10-11,51.711666666666666,60.90583527816907,46.0825397979474,80.02378068073452
2018-10-12,62.443333333333335,54.68971213025784,39.866416650036165,73.80765753282328
2018-10-13,61.566250000000004,61.338022025867666,46.51472654564599,80.45596742843311
2018-10-14,53.35041666666666,61.45268183229391,46.62938635207224,80.57062723485936
2018-10-15,61.38583333333333,63.55464753571214,48.73135205549047,82.67259293827759
2018-10-16,73.34708333333333,64.95098849692316,50.127693016701485,84.06893389948861
2018-10-17,72.08166666666666,66.76352689206261,51.94023141184094,85.88147229462807
2018-10-18,65.36666666666666,67.16399704071172,52.34070156049005,86.28194244327717
2018-10-19,62.59458333333333,61.43096975738456,46.607674277162886,80.54891515995001
2018-10-20,59.63166666666667,58.303412740468644,43.48011726024697,77.4213581430341
2018-10-21,60.663333333333334,56.232693356425635,41.40939787620396,75.35063875899108
2018-10-22,63.18541666666667,62.37303511322938,47.549739633007704,81.49098051579483
2018-10-23,62.67958333333333,58.59419160203777,43.770896121816094,77.71213700460322
2018-10-24,66.05583333333334,60.8827771126415,46.059481632419825,80.00072251520695
2018-10-25,70.65208333333334,65.36805507412647,50.5447595939048,84.48600047669193
2018-10-26,71.04708333333333,66.23604474521595,51.412749264994275,85.3539901477814
2018-10-27,60.69,61.925846346302194,47.10255086608052,81.04379174886765
2018-10-30,65.40458333333333,64.78097198508758,49.9576765048659,83.89891738765303
2018-10-31,68.50083333333333,66.36895438806599,51.54565890784431,85.48689979063144
2018-11-01,51.11291666666667,68.07282867413481,53.24953319391314,87.19077407670027
2018-11-02,49.16791666666668,53.817692960555796,38.99439748033412,72.93563836312124
2018-11-03,7.640416666666667,53.07192545513784,38.24862997491616,72.18987085770328
2018-11-04,40.63666666666666,18.34493040021957,3.521634919997899,37.46287580278502
2018-11-05,58.701249999999995,43.367685223330454,28.54438974310878,62.48563062589591
2018-11-06,58.99583333333334,59.52642276827879,44.70312728805712,78.64436817084425
2018-11-07,60.77708333333334,59.63690438556802,44.81360890534635,78.75484978813347
2018-11-08,63.47166666666667,61.26331345206767,46.440017971846,80.38125885463312
2018-11-09,71.78666666666668,64.03076900076438,49.207473520542706,83.14871440332983
2018-11-10,64.87083333333334,68.15651734160943,53.333221861387756,87.27446274417488
2018-11-11,53.92125000000001,62.97791993115288,48.15462445093121,82.09586533371834
2018-11-12,65.205,62.28429235033832,47.460996870116645,81.40223775290377
2018-11-13,65.23458333333333,63.868191567487905,49.04489608726623,82.98613697005335
2018-11-14,62.65625,60.03708424561489,45.21378876539322,79.15502964818035
2018-11-15,64.48916666666666,60.56143110595019,45.73813562572852,79.67937650851565
2018-11-16,64.54541666666667,63.22201236456538,48.398716884343706,82.33995776713083
2018-11-17,61.06541666666667,58.55930023196712,43.73600475174545,77.67724563453257
2018-11-18,57.34791666666666,56.08179986944697,41.258504389225294,75.19974527201242
2018-11-19,68.49374999999999,62.0434136523692,47.22011817214753,81.16135905493465
2018-11-20,63.79416666666666,65.27592380288586,50.45262832266418,84.39386920545131
2018-11-21,64.59,62.346263529799074,47.5229680495774,81.46420893236453
2018-11-22,65.88583333333332,64.68354279179664,49.860247311574966,83.8014881943621
2018-11-23,67.08291666666666,65.73604493342096,50.91274945319928,84.85399033598641
2018-11-24,62.22833333333333,60.6583387111391,45.83504323091743,79.77628411370455
2018-11-25,58.937916666666666,56.5359311868051,41.71263570658343,75.65387658937055
2018-11-26,58.59916666666667,58.40999368330514,43.586698203083465,77.52793908587059
2018-11-27,64.69458333333334,59.752305827409685,44.92901034718801,78.87025122997514
2018-11-28,62.45541666666666,62.037486069803236,47.21419058958156,81.15543147236869
2018-11-29,61.88583333333332,59.736264339777684,44.91296885955601,78.85420974234313
2018-11-30,62.655833333333334,61.54601738223241,46.72272190201073,80.66396278479786
2018-12-01,60.04124999999999,59.732121554947774,44.9088260747261,78.85006695751322
2018-12-02,55.55416666666667,57.16829985924312,42.34500437902145,76.28624526180857
2018-12-03,38.607499999999995,56.32381978314231,41.50052430292064,75.44176518570777
2018-12-04,47.92583333333334,47.72376026824596,32.90046478802429,66.84170567081141
2018-12-05,44.050000000000004,51.482878717402464,36.65958323718079,70.60082411996791
2018-12-06,54.904583333333335,41.57905267140723,26.75575719118556,60.69699807397268
2018-12-07,63.873749999999994,53.45281847581495,38.62952299559328,72.5707638783804
2018-12-08,61.326249999999995,59.581643694902084,44.75834821468041,78.69958909746754
2018-12-09,75.39125,59.25317727580468,44.42988179558301,78.37112267837013
2018-12-10,61.657916666666665,69.43379799723063,54.61050251700895,88.55174339979608
2018-12-11,64.01458333333333,60.75228012740533,45.928984647183654,79.87022552997078
2018-12-12,64.51083333333334,61.47823615883227,46.65494067861059,80.59618156139771
2018-12-13,60.55166666666667,58.382832546487236,43.55953706626556,77.50077794905269
2018-12-14,61.805416666666666,59.40478907319301,44.581493592971334,78.52273447575845
2018-12-15,60.04208333333333,62.04967097923181,47.22637549901014,81.16761638179726
2018-12-16,56.5075,55.90478354341366,41.08148806319198,75.02272894597911
2018-12-17,64.085,60.3520981705011,45.52880269027943,79.47004357306655
2018-12-18,61.805416666666666,59.01651979923559,44.193224319013915,78.13446520180104
2018-12-19,60.29416666666666,60.01410149422042,45.190806013998746,79.13204689678587
2018-12-20,63.3975,59.18777280284465,44.364477322622974,78.3057182054101
2018-12-21,60.55916666666667,60.0925917404223,45.269296260200626,79.21053714298775
2018-12-22,62.48666666666667,57.04684526141077,42.2235497811891,76.16479066397622
2018-12-23,62.98583333333334,59.57928807227669,44.755992592055016,78.69723347484214
2018-12-24,64.08916666666666,61.20912709937014,46.38583161914847,80.32707250193559
2018-12-25,62.46625,60.439661962726085,45.61636648250441,79.55760736529153
2018-12-26,62.99333333333334,61.919832516899966,47.09653703667829,81.03777791946541
2018-12-27,67.63458333333334,62.46306344840563,47.63976796818395,81.58100885097107
2018-12-28,63.78541666666666,63.24569578571191,48.422400305490235,82.36364118827736
2018-12-29,57.04833333333334,56.913698099718715,42.09040261949704,76.03164350228417
2018-12-30,58.49375,56.068062328392045,41.24476684817037,75.1860077309575
2018-12-31,61.794999999999995,60.724354203399855,45.90105872317818,79.84229960596531
