delivery_day,forecast_origin,history_start,history_end,history_hours,runtime_seconds,optimizer_success,warnings
2018-01-01,2017-12-31T11:00:00+01:00,2015-01-01T00:00:00+01:00,2017-12-31T23:00:00+01:00,26304,1.9828549590019975,True,
2018-01-02,2018-01-01T11:00:00+01:00,2015-01-01T00:00:00+01:00,2018-01-01T23:00:00+01:00,26328,1.9849809580045985,True,
2018-01-03,2018-01-02T11:00:00+01:00,2015-01-01T00:00:00+01:00,2018-01-02T23:00:00+01:00,26352,2.1368367090035463,True,
2018-01-04,2018-01-03T11:00:00+01:00,2015-01-01T00:00:00+01:00,2018-01-03T23:00:00+01:00,26376,2.0112108330067713,True,
2018-01-05,2018-01-04T11:00:00+01:00,2015-01-01T00:00:00+01:00,2018-01-04T23:00:00+01:00,26400,1.9823239170073066,True,
2018-01-06,2018-01-05T11:00:00+01:00,2015-01-01T00:00:00+01:00,2018-01-05T23:00:00+01:00,26424,1.9953892909979913,True,
2018-01-07,2018-01-06T11:00:00+01:00,2015-01-01T00:00:00+01:00,2018-01-06T23:00:00+01:00,26448,1.985852124998928,True,
2018-01-08,2018-01-07T11:00:00+01:00,2015-01-01T00:00:00+01:00,2018-01-07T23:00:00+01:00,26472,1.988762459004647,True,
2018-01-09,2018-01-08T11:00:00+01:00,2015-01-01T00:00:00+01:00,2018-01-08T23:00:00+01:00,26496,1.9776650830026483,True,
2018-01-10,2018-01-09T11:00:00+01:00,2015-01-01T00:00:00+01:00,2018-01-09T23:00:00+01:00,26520,1.9952364999917336,True,
2018-01-11,2018-01-10T11:00:00+01:00,2015-01-01T00:00:00+01:00,2018-01-10T23:00:00+01:00,26544,2.007345999998506,True,
2018-01-12,2018-01-11T11:00:00+01:00,2015-01-01T00:00:00+01:00,2018-01-11T23:00:00+01:00,26568,2.001903249998577,True,
2018-01-13,2018-01-12T11:00:00+01:00,2015-01-01T00:00:00+01:00,2018-01-12T23:00:00+01:00,26592,1.999112041987246,True,
2018-01-14,2018-01-13T11:00:00+01:00,2015-01-01T00:00:00+01:00,2018-01-13T23:00:00+01:00,26616,1.9971875000046566,True,
2018-01-15,2018-01-14T11:00:00+01:00,2015-01-01T00:00:00+01:00,2018-01-14T23:00:00+01:00,26640,2.006892000004882,True,
2018-01-16,2018-01-15T11:00:00+01:00,2015-01-01T00:00:00+01:00,2018-01-15T23:00:00+01:00,26664,1.9784352910064626,True,
2018-01-17,2018-01-16T11:00:00+01:00,2015-01-01T00:00:00+01:00,2018-01-16T23:00:00+01:00,26688,1.9864519580005435,True,
2018-01-18,2018-01-17T11:00:00+01:00,2015-01-01T00:00:00+01:00,2018-01-17T23:00:00+01:00,26712,2.002324333996512,True,
2018-01-19,2018-01-18T11:00:00+01:00,2015-01-01T00:00:00+01:00,2018-01-18T23:00:00+01:00,26736,1.9923799999960465,True,
2018-01-20,2018-01-19T11:00:00+01:00,2015-01-01T00:00:00+01:00,2018-01-19T23:00:00+01:00,26760,2.004927374990075,True,
2018-01-21,2018-01-20T11:00:00+01:00,2015-01-01T00:00:00+01:00,2018-01-20T23:00:00+01:00,26784,2.0044880830100738,True,
2018-01-22,2018-01-21T11:00:00+01:00,2015-01-01T00:00:00+01:00,2018-01-21T23:00:00+01:00,26808,2.0345952920033596,True,
2018-01-23,2018-01-22T11:00:00+01:00,2015-01-01T00:00:00+01:00,2018-01-22T23:00:00+01:00,26832,2.0213732499978505,True,
2018-01-24,2018-01-23T11:00:00+01:00,2015-01-01T00:00:00+01:00,2018-01-23T23:00:00+01:00,26856,1.9923408330068924,True,
2018-01-25,2018-01-24T11:00:00+01:00,2015-01-01T00:00:00+01:00,2018-01-24T23:00:00+01:00,26880,2.013643124999362,True,
2018-01-26,2018-01-25T11:00:00+01:00,2015-01-01T00:00:00+01:00,2018-01-25T23:00:00+01:00,26904,2.0125584170018556,True,
2018-01-27,2018-01-26T11:00:00+01:00,2015-01-01T00:00:00+01:00,2018-01-26T23:00:00+01:00,26928,2.0161239170120098,True,
2018-01-28,2018-01-27T11:00:00+01:00,2015-01-01T00:00:00+01:00,2018-01-27T23:00:00+01:00,26952,1.9985460840107407,True,
2018-01-29,2018-01-28T11:00:00+01:00,2015-01-01T00:00:00+01:00,2018-01-28T23:00:00+01:00,26976,2.0049623750091996,True,
2018-01-30,2018-01-29T11:00:00+01:00,2015-01-01T00:00:00+01:00,2018-01-29T23:00:00+01:00,27000,2.0148486249963753,True,
2018-01-31,2018-01-30T11:00:00+01:00,2015-01-01T00:00:00+01:00,2018-01-30T23:00:00+01:00,27024,2.019576250007958,True,
2018-02-01,2018-01-31T11:00:00+01:00,2015-01-01T00:00:00+01:00,2018-01-31T23:00:00+01:00,27048,2.028734583000187,True,
2018-02-02,2018-02-01T11:00:00+01:00,2015-01-01T00:00:00+01:00,2018-02-01T23:00:00+01:00,27072,2.02187091599626,True,
2018-02-03,2018-02-02T11:00:00+01:00,2015-01-01T00:00:00+01:00,2018-02-02T23:00:00+01:00,27096,2.0252888339891797,True,
2018-02-04,2018-02-03T11:00:00+01:00,2015-01-01T00:00:00+01:00,2018-02-03T23:00:00+01:00,27120,2.4038956250005867,True,
2018-02-05,2018-02-04T11:00:00+01:00,2015-01-01T00:00:00+01:00,2018-02-04T23:00:00+01:00,27144,2.065628874988761,True,
2018-02-06,2018-02-05T11:00:00+01:00,2015-01-01T00:00:00+01:00,2018-02-05T23:00:00+01:00,27168,2.0382637919974513,True,
2018-02-07,2018-02-06T11:00:00+01:00,2015-01-01T00:00:00+01:00,2018-02-06T23:00:00+01:00,27192,2.3066414999921108,True,
2018-02-08,2018-02-07T11:00:00+01:00,2015-01-01T00:00:00+01:00,2018-02-07T23:00:00+01:00,27216,2.0464122090052115,True,
2018-02-09,2018-02-08T11:00:00+01:00,2015-01-01T00:00:00+01:00,2018-02-08T23:00:00+01:00,27240,2.030964874997153,True,
2018-02-10,2018-02-09T11:00:00+01:00,2015-01-01T00:00:00+01:00,2018-02-09T23:00:00+01:00,27264,2.0295875829906436,True,
2018-02-11,2018-02-10T11:00:00+01:00,2015-01-01T00:00:00+01:00,2018-02-10T23:00:00+01:00,27288,2.038092292001238,True,
2018-02-12,2018-02-11T11:00:00+01:00,2015-01-01T00:00:00+01:00,2018-02-11T23:00:00+01:00,27312,2.039478542006691,True,
2018-02-13,2018-02-12T11:00:00+01:00,2015-01-01T00:00:00+01:00,2018-02-12T23:00:00+01:00,27336,2.0600126670033205,True,
2018-02-14,2018-02-13T11:00:00+01:00,2015-01-01T00:00:00+01:00,2018-02-13T23:00:00+01:00,27360,2.0379100830032257,True,
2018-02-15,2018-02-14T11:00:00+01:00,2015-01-01T00:00:00+01:00,2018-02-14T23:00:00+01:00,27384,2.0498475000058534,True,
2018-02-16,2018-02-15T11:00:00+01:00,2015-01-01T00:00:00+01:00,2018-02-15T23:00:00+01:00,27408,2.056191959010903,True,
2018-02-17,2018-02-16T11:00:00+01:00,2015-01-01T00:00:00+01:00,2018-02-16T23:00:00+01:00,27432,2.0932325839967234,True,
2018-02-18,2018-02-17T11:00:00+01:00,2015-01-01T00:00:00+01:00,2018-02-17T23:00:00+01:00,27456,2.055822750000516,True,
2018-02-19,2018-02-18T11:00:00+01:00,2015-01-01T00:00:00+01:00,2018-02-18T23:00:00+01:00,27480,2.043765166992671,True,
2018-02-20,2018-02-19T11:00:00+01:00,2015-01-01T00:00:00+01:00,2018-02-19T23:00:00+01:00,27504,2.052181292005116,True,
2018-02-21,2018-02-20T11:00:00+01:00,2015-01-01T00:00:00+01:00,2018-02-20T23:00:00+01:00,27528,2.0637058339925716,True,
2018-02-22,2018-02-21T11:00:00+01:00,2015-01-01T00:00:00+01:00,2018-02-21T23:00:00+01:00,27552,2.0637182089994894,True,
2018-02-23,2018-02-22T11:00:00+01:00,2015-01-01T00:00:00+01:00,2018-02-22T23:00:00+01:00,27576,2.058038999995915,True,
2018-02-24,2018-02-23T11:00:00+01:00,2015-01-01T00:00:00+01:00,2018-02-23T23:00:00+01:00,27600,2.0565067080024164,True,
2018-02-25,2018-02-24T11:00:00+01:00,2015-01-01T00:00:00+01:00,2018-02-24T23:00:00+01:00,27624,2.054032542000641,True,
2018-02-26,2018-02-25T11:00:00+01:00,2015-01-01T00:00:00+01:00,2018-02-25T23:00:00+01:00,27648,2.061896083992906,True,
2018-02-27,2018-02-26T11:00:00+01:00,2015-01-01T00:00:00+01:00,2018-02-26T23:00:00+01:00,27672,2.06204908300424,True,
2018-02-28,2018-02-27T11:00:00+01:00,2015-01-01T00:00:00+01:00,2018-02-27T23:00:00+01:00,27696,2.1048121659987373,True,
2018-03-01,2018-02-28T11:00:00+01:00,2015-01-01T00:00:00+01:00,2018-02-28T23:00:00+01:00,27720,2.0852622919919668,True,
2018-03-02,2018-03-01T11:00:00+01:00,2015-01-01T00:00:00+01:00,2018-03-01T23:00:00+01:00,27744,2.0807310000091093,True,
2018-03-03,2018-03-02T11:00:00+01:00,2015-01-01T00:00:00+01:00,2018-03-02T23:00:00+01:00,27768,2.071235792012885,True,
2018-03-04,2018-03-03T11:00:00+01:00,2015-01-01T00:00:00+01:00,2018-03-03T23:00:00+01:00,27792,2.3917046669957926,True,
2018-03-05,2018-03-04T11:00:00+01:00,2015-01-01T00:00:00+01:00,2018-03-04T23:00:00+01:00,27816,2.0979044170089765,True,
2018-03-06,2018-03-05T11:00:00+01:00,2015-01-01T00:00:00+01:00,2018-03-05T23:00:00+01:00,27840,2.080811707986868,True,
2018-03-07,2018-03-06T11:00:00+01:00,2015-01-01T00:00:00+01:00,2018-03-06T23:00:00+01:00,27864,2.097901041008299,True,
2018-03-08,2018-03-07T11:00:00+01:00,2015-01-01T00:00:00+01:00,2018-03-07T23:00:00+01:00,27888,2.1331758750020526,True,
2018-03-09,2018-03-08T11:00:00+01:00,2015-01-01T00:00:00+01:00,2018-03-08T23:00:00+01:00,27912,2.119587124994723,True,
2018-03-10,2018-03-09T11:00:00+01:00,2015-01-01T00:00:00+01:00,2018-03-09T23:00:00+01:00,27936,2.108525167001062,True,
2018-03-11,2018-03-10T11:00:00+01:00,2015-01-01T00:00:00+01:00,2018-03-10T23:00:00+01:00,27960,2.3929045000113547,True,
2018-03-12,2018-03-11T11:00:00+01:00,2015-01-01T00:00:00+01:00,2018-03-11T23:00:00+01:00,27984,2.111767124995822,True,
2018-03-13,2018-03-12T11:00:00+01:00,2015-01-01T00:00:00+01:00,2018-03-12T23:00:00+01:00,28008,2.08784537500469,True,
2018-03-14,2018-03-13T11:00:00+01:00,2015-01-01T00:00:00+01:00,2018-03-13T23:00:00+01:00,28032,2.0926072079892037,True,
2018-03-15,2018-03-14T11:00:00+01:00,2015-01-01T00:00:00+01:00,2018-03-14T23:00:00+01:00,28056,2.089249334007036,True,
2018-03-16,2018-03-15T11:00:00+01:00,2015-01-01T00:00:00+01:00,2018-03-15T23:00:00+01:00,28080,2.115194750003866,True,
2018-03-17,2018-03-16T11:00:00+01:00,2015-01-01T00:00:00+01:00,2018-03-16T23:00:00+01:00,28104,2.1066622500075027,True,
2018-03-18,2018-03-17T11:00:00+01:00,2015-01-01T00:00:00+01:00,2018-03-17T23:00:00+01:00,28128,2.1132643330056453,True,
2018-03-19,2018-03-18T11:00:00+01:00,2015-01-01T00:00:00+01:00,2018-03-18T23:00:00+01:00,28152,2.0943029159971047,True,
2018-03-20,2018-03-19T11:00:00+01:00,2015-01-01T00:00:00+01:00,2018-03-19T23:00:00+01:00,28176,2.1033431660034694,True,
2018-03-21,2018-03-20T11:00:00+01:00,2015-01-01T00:00:00+01:00,2018-03-20T23:00:00+01:00,28200,2.2230675000027986,True,
2018-03-22,2018-03-21T11:00:00+01:00,2015-01-01T00:00:00+01:00,2018-03-21T23:00:00+01:00,28224,2.1193568339949707,True,
2018-03-23,2018-03-22T11:00:00+01:00,2015-01-01T00:00:00+01:00,2018-03-22T23:00:00+01:00,28248,2.11167183300131,True,
2018-03-24,2018-03-23T11:00:00+01:00,2015-01-01T00:00:00+01:00,2018-03-23T23:00:00+01:00,28272,2.474759125005221,True,
2018-03-26,2018-03-25T11:00:00+02:00,2015-01-01T00:00:00+01:00,2018-03-25T23:00:00+02:00,28319,2.1529977910104208,True,
2018-03-27,2018-03-26T11:00:00+02:00,2015-01-01T00:00:00+01:00,2018-03-26T23:00:00+02:00,28343,2.111166874994524,True,
2018-03-28,2018-03-27T11:00:00+02:00,2015-01-01T00:00:00+01:00,2018-03-27T23:00:00+02:00,28367,2.1473939580027945,True,
2018-03-29,2018-03-28T11:00:00+02:00,2015-01-01T00:00:00+01:00,2018-03-28T23:00:00+02:00,28391,2.1346279999997932,True,
2018-03-30,2018-03-29T11:00:00+02:00,2015-01-01T00:00:00+01:00,2018-03-29T23:00:00+02:00,28415,2.1269863750057993,True,
2018-03-31,2018-03-30T11:00:00+02:00,2015-01-01T00:00:00+01:00,2018-03-30T23:00:00+02:00,28439,2.126838374999352,True,
2018-04-01,2018-03-31T11:00:00+02:00,2015-01-01T00:00:00+01:00,2018-03-31T23:00:00+02:00,28463,2.1204408329940634,True,
2018-04-02,2018-04-01T11:00:00+02:00,2015-01-01T00:00:00+01:00,2018-04-01T23:00:00+02:00,28487,2.143146667003748,True,
2018-04-03,2018-04-02T11:00:00+02:00,2015-01-01T00:00:00+01:00,2018-04-02T23:00:00+02:00,28511,2.1589106250030454,True,
2018-04-04,2018-04-03T11:00:00+02:00,2015-01-01T00:00:00+01:00,2018-04-03T23:00:00+02:00,28535,2.1476750839938177,True,
2018-04-05,2018-04-04T11:00:00+02:00,2015-01-01T00:00:00+01:00,2018-04-04T23:00:00+02:00,28559,2.1783276659989497,True,
2018-04-06,2018-04-05T11:00:00+02:00,2015-01-01T00:00:00+01:00,2018-04-05T23:00:00+02:00,28583,1.705616542007192,True,
2018-04-07,2018-04-06T11:00:00+02:00,2015-01-01T00:00:00+01:00,2018-04-06T23:00:00+02:00,28607,2.1754778339964105,True,
2018-04-08,2018-04-07T11:00:00+02:00,2015-01-01T00:00:00+01:00,2018-04-07T23:00:00+02:00,28631,2.1661747500038473,True,
2018-04-09,2018-04-08T11:00:00+02:00,2015-01-01T00:00:00+01:00,2018-04-08T23:00:00+02:00,28655,2.133098207996227,True,
2018-04-10,2018-04-09T11:00:00+02:00,2015-01-01T00:00:00+01:00,2018-04-09T23:00:00+02:00,28679,2.1500726669910364,True,
2018-04-11,2018-04-10T11:00:00+02:00,2015-01-01T00:00:00+01:00,2018-04-10T23:00:00+02:00,28703,2.13659379100136,True,
2018-04-12,2018-04-11T11:00:00+02:00,2015-01-01T00:00:00+01:00,2018-04-11T23:00:00+02:00,28727,2.14530229200318,True,
2018-04-13,2018-04-12T11:00:00+02:00,2015-01-01T00:00:00+01:00,2018-04-12T23:00:00+02:00,28751,2.1723732499958714,True,
2018-04-14,2018-04-13T11:00:00+02:00,2015-01-01T00:00:00+01:00,2018-04-13T23:00:00+02:00,28775,2.1530484999966575,True,
2018-04-15,2018-04-14T11:00:00+02:00,2015-01-01T00:00:00+01:00,2018-04-14T23:00:00+02:00,28799,2.1598609170032432,True,
2018-04-16,2018-04-15T11:00:00+02:00,2015-01-01T00:00:00+01:00,2018-04-15T23:00:00+02:00,28823,2.1591764999902807,True,
2018-04-17,2018-04-16T11:00:00+02:00,2015-01-01T00:00:00+01:00,2018-04-16T23:00:00+02:00,28847,2.1473217500024475,True,
2018-04-18,2018-04-17T11:00:00+02:00,2015-01-01T00:00:00+01:00,2018-04-17T23:00:00+02:00,28871,2.1784981669916306,True,
2018-04-19,2018-04-18T11:00:00+02:00,2015-01-01T00:00:00+01:00,2018-04-18T23:00:00+02:00,28895,2.157690124993678,True,
2018-04-20,2018-04-19T11:00:00+02:00,2015-01-01T00:00:00+01:00,2018-04-19T23:00:00+02:00,28919,2.157059165998362,True,
2018-04-21,2018-04-20T11:00:00+02:00,2015-01-01T00:00:00+01:00,2018-04-20T23:00:00+02:00,28943,2.161396875002538,True,
2018-04-22,2018-04-21T11:00:00+02:00,2015-01-01T00:00:00+01:00,2018-04-21T23:00:00+02:00,28967,2.1771661670063622,True,
2018-04-23,2018-04-22T11:00:00+02:00,2015-01-01T00:00:00+01:00,2018-04-22T23:00:00+02:00,28991,2.158754541000235,True,
2018-04-24,2018-04-23T11:00:00+02:00,2015-01-01T00:00:00+01:00,2018-04-23T23:00:00+02:00,29015,2.17246666700521,True,
2018-04-25,2018-04-24T11:00:00+02:00,2015-01-01T00:00:00+01:00,2018-04-24T23:00:00+02:00,29039,2.1913392080023186,True,
2018-04-26,2018-04-25T11:00:00+02:00,2015-01-01T00:00:00+01:00,2018-04-25T23:00:00+02:00,29063,2.4109800000005635,True,
2018-04-27,2018-04-26T11:00:00+02:00,2015-01-01T00:00:00+01:00,2018-04-26T23:00:00+02:00,29087,2.1661809170036577,True,
2018-04-28,2018-04-27T11:00:00+02:00,2015-01-01T00:00:00+01:00,2018-04-27T23:00:00+02:00,29111,2.17093045799993,True,
2018-04-29,2018-04-28T11:00:00+02:00,2015-01-01T00:00:00+01:00,2018-04-28T23:00:00+02:00,29135,2.1843971670023166,True,
2018-04-30,2018-04-29T11:00:00+02:00,2015-01-01T00:00:00+01:00,2018-04-29T23:00:00+02:00,29159,2.180745208999724,True,
2018-05-01,2018-04-30T11:00:00+02:00,2015-01-01T00:00:00+01:00,2018-04-30T23:00:00+02:00,29183,2.1816775829938706,True,
2018-05-02,2018-05-01T11:00:00+02:00,2015-01-01T00:00:00+01:00,2018-05-01T23:00:00+02:00,29207,2.206238624989055,True,
2018-05-03,2018-05-02T11:00:00+02:00,2015-01-01T00:00:00+01:00,2018-05-02T23:00:00+02:00,29231,2.2090346250042785,True,
2018-05-04,2018-05-03T11:00:00+02:00,2015-01-01T00:00:00+01:00,2018-05-03T23:00:00+02:00,29255,2.1848980829963693,True,
2018-05-05,2018-05-04T11:00:00+02:00,2015-01-01T00:00:00+01:00,2018-05-04T23:00:00+02:00,29279,2.1861147500021616,True,
2018-05-06,2018-05-05T11:00:00+02:00,2015-01-01T00:00:00+01:00,2018-05-05T23:00:00+02:00,29303,2.204824083004496,True,
2018-05-07,2018-05-06T11:00:00+02:00,2015-01-01T00:00:00+01:00,2018-05-06T23:00:00+02:00,29327,2.1844952500105137,True,
2018-05-08,2018-05-07T11:00:00+02:00,2015-01-01T00:00:00+01:00,2018-05-07T23:00:00+02:00,29351,2.2054577080125455,True,
2018-05-09,2018-05-08T11:00:00+02:00,2015-01-01T00:00:00+01:00,2018-05-08T23:00:00+02:00,29375,2.211875917011639,True,
2018-05-10,2018-05-09T11:00:00+02:00,2015-01-01T00:00:00+01:00,2018-05-09T23:00:00+02:00,29399,2.1875770409969846,True,
2018-05-11,2018-05-10T11:00:00+02:00,2015-01-01T00:00:00+01:00,2018-05-10T23:00:00+02:00,29423,2.2003954999963753,True,
2018-05-12,2018-05-11T11:00:00+02:00,2015-01-01T00:00:00+01:00,2018-05-11T23:00:00+02:00,29447,2.228035958003602,True,
2018-05-13,2018-05-12T11:00:00+02:00,2015-01-01T00:00:00+01:00,2018-05-12T23:00:00+02:00,29471,2.455875917003141,True,
2018-05-14,2018-05-13T11:00:00+02:00,2015-01-01T00:00:00+01:00,2018-05-13T23:00:00+02:00,29495,2.7016546670056414,True,
2018-05-15,2018-05-14T11:00:00+02:00,2015-01-01T00:00:00+01:00,2018-05-14T23:00:00+02:00,29519,2.2092278329946566,True,
2018-05-16,2018-05-15T11:00:00+02:00,2015-01-01T00:00:00+01:00,2018-05-15T23:00:00+02:00,29543,2.2320322500017937,True,
2018-05-17,2018-05-16T11:00:00+02:00,2015-01-01T00:00:00+01:00,2018-05-16T23:00:00+02:00,29567,2.2036440829979256,True,
2018-05-18,2018-05-17T11:00:00+02:00,2015-01-01T00:00:00+01:00,2018-05-17T23:00:00+02:00,29591,2.2127539170032833,True,
2018-05-19,2018-05-18T11:00:00+02:00,2015-01-01T00:00:00+01:00,2018-05-18T23:00:00+02:00,29615,2.211405542009743,True,
2018-05-20,2018-05-19T11:00:00+02:00,2015-01-01T00:00:00+01:00,2018-05-19T23:00:00+02:00,29639,2.2251427919982234,True,
2018-05-21,2018-05-20T11:00:00+02:00,2015-01-01T00:00:00+01:00,2018-05-20T23:00:00+02:00,29663,2.2080203329969663,True,
2018-05-22,2018-05-21T11:00:00+02:00,2015-01-01T00:00:00+01:00,2018-05-21T23:00:00+02:00,29687,2.209884374999092,True,
2018-05-23,2018-05-22T11:00:00+02:00,2015-01-01T00:00:00+01:00,2018-05-22T23:00:00+02:00,29711,2.2275915000063833,True,
2018-05-24,2018-05-23T11:00:00+02:00,2015-01-01T00:00:00+01:00,2018-05-23T23:00:00+02:00,29735,2.5473538750084117,True,
2018-05-25,2018-05-24T11:00:00+02:00,2015-01-01T00:00:00+01:00,2018-05-24T23:00:00+02:00,29759,2.2350263749976875,True,
2018-05-26,2018-05-25T11:00:00+02:00,2015-01-01T00:00:00+01:00,2018-05-25T23:00:00+02:00,29783,2.2289063750067726,True,
2018-05-27,2018-05-26T11:00:00+02:00,2015-01-01T00:00:00+01:00,2018-05-26T23:00:00+02:00,29807,2.230561417003628,True,
2018-05-28,2018-05-27T11:00:00+02:00,2015-01-01T00:00:00+01:00,2018-05-27T23:00:00+02:00,29831,2.2405503329937346,True,
2018-05-29,2018-05-28T11:00:00+02:00,2015-01-01T00:00:00+01:00,2018-05-28T23:00:00+02:00,29855,2.231821791996481,True,
2018-05-30,2018-05-29T11:00:00+02:00,2015-01-01T00:00:00+01:00,2018-05-29T23:00:00+02:00,29879,2.2386075840040576,True,
2018-05-31,2018-05-30T11:00:00+02:00,2015-01-01T00:00:00+01:00,2018-05-30T23:00:00+02:00,29903,2.2331558330042753,True,
2018-06-01,2018-05-31T11:00:00+02:00,2015-01-01T00:00:00+01:00,2018-05-31T23:00:00+02:00,29927,2.2416193329991074,True,
2018-06-02,2018-06-01T11:00:00+02:00,2015-01-01T00:00:00+01:00,2018-06-01T23:00:00+02:00,29951,2.2383778330113273,True,
2018-06-03,2018-06-02T11:00:00+02:00,2015-01-01T00:00:00+01:00,2018-06-02T23:00:00+02:00,29975,2.244721249997383,True,
2018-06-04,2018-06-03T11:00:00+02:00,2015-01-01T00:00:00+01:00,2018-06-03T23:00:00+02:00,29999,2.5070477499975823,True,
2018-06-05,2018-06-04T11:00:00+02:00,2015-01-01T00:00:00+01:00,2018-06-04T23:00:00+02:00,30023,2.258241707997513,True,
2018-06-06,2018-06-05T11:00:00+02:00,2015-01-01T00:00:00+01:00,2018-06-05T23:00:00+02:00,30047,2.2487008750031237,True,
2018-06-07,2018-06-06T11:00:00+02:00,2015-01-01T00:00:00+01:00,2018-06-06T23:00:00+02:00,30071,2.2614785000041593,True,
2018-06-08,2018-06-07T11:00:00+02:00,2015-01-01T00:00:00+01:00,2018-06-07T23:00:00+02:00,30095,2.245304916999885,True,
2018-06-09,2018-06-08T11:00:00+02:00,2015-01-01T00:00:00+01:00,2018-06-08T23:00:00+02:00,30119,2.2494821250002133,True,
2018-06-10,2018-06-09T11:00:00+02:00,2015-01-01T00:00:00+01:00,2018-06-09T23:00:00+02:00,30143,2.240796500002034,True,
2018-06-11,2018-06-10T11:00:00+02:00,2015-01-01T00:00:00+01:00,2018-06-10T23:00:00+02:00,30167,2.263579334001406,True,
2018-06-12,2018-06-11T11:00:00+02:00,2015-01-01T00:00:00+01:00,2018-06-11T23:00:00+02:00,30191,2.299521458990057,True,
2018-06-13,2018-06-12T11:00:00+02:00,2015-01-01T00:00:00+01:00,2018-06-12T23:00:00+02:00,30215,2.2563073339988478,True,
2018-06-14,2018-06-13T11:00:00+02:00,2015-01-01T00:00:00+01:00,2018-06-13T23:00:00+02:00,30239,2.2705105419881875,True,
2018-06-15,2018-06-14T11:00:00+02:00,2015-01-01T00:00:00+01:00,2018-06-14T23:00:00+02:00,30263,2.253403959010029,True,
2018-06-16,2018-06-15T11:00:00+02:00,2015-01-01T00:00:00+01:00,2018-06-15T23:00:00+02:00,30287,2.263558416001615,True,
2018-06-17,2018-06-16T11:00:00+02:00,2015-01-01T00:00:00+01:00,2018-06-16T23:00:00+02:00,30311,2.2637757920019794,True,
2018-06-18,2018-06-17T11:00:00+02:00,2015-01-01T00:00:00+01:00,2018-06-17T23:00:00+02:00,30335,2.26788050000323,True,
2018-06-19,2018-06-18T11:00:00+02:00,2015-01-01T00:00:00+01:00,2018-06-18T23:00:00+02:00,30359,2.27223479100212,True,
2018-06-20,2018-06-19T11:00:00+02:00,2015-01-01T00:00:00+01:00,2018-06-19T23:00:00+02:00,30383,2.2654216250084573,True,
2018-06-21,2018-06-20T11:00:00+02:00,2015-01-01T00:00:00+01:00,2018-06-20T23:00:00+02:00,30407,2.3080095000041183,True,
2018-06-22,2018-06-21T11:00:00+02:00,2015-01-01T00:00:00+01:00,2018-06-21T23:00:00+02:00,30431,2.2705597919994034,True,
2018-06-23,2018-06-22T11:00:00+02:00,2015-01-01T00:00:00+01:00,2018-06-22T23:00:00+02:00,30455,2.5657383749930887,True,
2018-06-24,2018-06-23T11:00:00+02:00,2015-01-01T00:00:00+01:00,2018-06-23T23:00:00+02:00,30479,2.779553999993368,True,
2018-06-25,2018-06-24T11:00:00+02:00,2015-01-01T00:00:00+01:00,2018-06-24T23:00:00+02:00,30503,2.437689708007383,True,
2018-06-26,2018-06-25T11:00:00+02:00,2015-01-01T00:00:00+01:00,2018-06-25T23:00:00+02:00,30527,2.278873500006739,True,
2018-06-27,2018-06-26T11:00:00+02:00,2015-01-01T00:00:00+01:00,2018-06-26T23:00:00+02:00,30551,2.3073739999963436,True,
2018-06-28,2018-06-27T11:00:00+02:00,2015-01-01T00:00:00+01:00,2018-06-27T23:00:00+02:00,30575,2.2811484160047257,True,
2018-06-29,2018-06-28T11:00:00+02:00,2015-01-01T00:00:00+01:00,2018-06-28T23:00:00+02:00,30599,2.3701112090056995,True,
2018-06-30,2018-06-29T11:00:00+02:00,2015-01-01T00:00:00+01:00,2018-06-29T23:00:00+02:00,30623,2.2856500839989167,True,
2018-07-01,2018-06-30T11:00:00+02:00,2015-01-01T00:00:00+01:00,2018-06-30T23:00:00+02:00,30647,2.3121785830007866,True,
2018-07-02,2018-07-01T11:00:00+02:00,2015-01-01T00:00:00+01:00,2018-07-01T23:00:00+02:00,30671,2.2884240840066923,True,
2018-07-03,2018-07-02T11:00:00+02:00,2015-01-01T00:00:00+01:00,2018-07-02T23:00:00+02:00,30695,2.3210758329951204,True,
2018-07-04,2018-07-03T11:00:00+02:00,2015-01-01T00:00:00+01:00,2018-07-03T23:00:00+02:00,30719,2.3167820000089705,True,
2018-07-05,2018-07-04T11:00:00+02:00,2015-01-01T00:00:00+01:00,2018-07-04T23:00:00+02:00,30743,2.2911071669950616,True,
2018-07-06,2018-07-05T11:00:00+02:00,2015-01-01T00:00:00+01:00,2018-07-05T23:00:00+02:00,30767,2.332533416993101,True,
2018-07-07,2018-07-06T11:00:00+02:00,2015-01-01T00:00:00+01:00,2018-07-06T23:00:00+02:00,30791,2.299996125002508,True,
2018-07-08,2018-07-07T11:00:00+02:00,2015-01-01T00:00:00+01:00,2018-07-07T23:00:00+02:00,30815,2.3051961250021122,True,
2018-07-09,2018-07-08T11:00:00+02:00,2015-01-01T00:00:00+01:00,2018-07-08T23:00:00+02:00,30839,2.3062449579883832,True,
2018-07-10,2018-07-09T11:00:00+02:00,2015-01-01T00:00:00+01:00,2018-07-09T23:00:00+02:00,30863,2.335681459007901,True,
2018-07-11,2018-07-10T11:00:00+02:00,2015-01-01T00:00:00+01:00,2018-07-10T23:00:00+02:00,30887,2.340013541994267,True,
2018-07-12,2018-07-11T11:00:00+02:00,2015-01-01T00:00:00+01:00,2018-07-11T23:00:00+02:00,30911,2.3162137500039535,True,
2018-07-13,2018-07-12T11:00:00+02:00,2015-01-01T00:00:00+01:00,2018-07-12T23:00:00+02:00,30935,2.3028009580011712,True,
2018-07-14,2018-07-13T11:00:00+02:00,2015-01-01T00:00:00+01:00,2018-07-13T23:00:00+02:00,30959,2.3145948330056854,True,
2018-07-15,2018-07-14T11:00:00+02:00,2015-01-01T00:00:00+01:00,2018-07-14T23:00:00+02:00,30983,2.326038625004003,True,
2018-07-16,2018-07-15T11:00:00+02:00,2015-01-01T00:00:00+01:00,2018-07-15T23:00:00+02:00,31007,2.3339347500004806,True,
2018-07-17,2018-07-16T11:00:00+02:00,2015-01-01T00:00:00+01:00,2018-07-16T23:00:00+02:00,31031,2.3224924999958603,True,
2018-07-18,2018-07-17T11:00:00+02:00,2015-01-01T00:00:00+01:00,2018-07-17T23:00:00+02:00,31055,2.3285356659907848,True,
2018-07-19,2018-07-18T11:00:00+02:00,2015-01-01T00:00:00+01:00,2018-07-18T23:00:00+02:00,31079,2.3239164169935975,True,
2018-07-20,2018-07-19T11:00:00+02:00,2015-01-01T00:00:00+01:00,2018-07-19T23:00:00+02:00,31103,2.4021275830018567,True,
2018-07-21,2018-07-20T11:00:00+02:00,2015-01-01T00:00:00+01:00,2018-07-20T23:00:00+02:00,31127,2.338309291008045,True,
2018-07-22,2018-07-21T11:00:00+02:00,2015-01-01T00:00:00+01:00,2018-07-21T23:00:00+02:00,31151,2.3635632090008585,True,
2018-07-23,2018-07-22T11:00:00+02:00,2015-01-01T00:00:00+01:00,2018-07-22T23:00:00+02:00,31175,2.316645458995481,True,
2018-07-24,2018-07-23T11:00:00+02:00,2015-01-01T00:00:00+01:00,2018-07-23T23:00:00+02:00,31199,2.3617115000088234,True,
2018-07-25,2018-07-24T11:00:00+02:00,2015-01-01T00:00:00+01:00,2018-07-24T23:00:00+02:00,31223,2.341004083005828,True,
2018-07-26,2018-07-25T11:00:00+02:00,2015-01-01T00:00:00+01:00,2018-07-25T23:00:00+02:00,31247,2.3253165000060108,True,
2018-07-27,2018-07-26T11:00:00+02:00,2015-01-01T00:00:00+01:00,2018-07-26T23:00:00+02:00,31271,2.340592916996684,True,
2018-07-28,2018-07-27T11:00:00+02:00,2015-01-01T00:00:00+01:00,2018-07-27T23:00:00+02:00,31295,2.352419540999108,True,
2018-07-29,2018-07-28T11:00:00+02:00,2015-01-01T00:00:00+01:00,2018-07-28T23:00:00+02:00,31319,2.3366157499986002,True,
2018-07-30,2018-07-29T11:00:00+02:00,2015-01-01T00:00:00+01:00,2018-07-29T23:00:00+02:00,31343,2.390652667003451,True,
2018-07-31,2018-07-30T11:00:00+02:00,2015-01-01T00:00:00+01:00,2018-07-30T23:00:00+02:00,31367,2.362453416993958,True,
2018-08-01,2018-07-31T11:00:00+02:00,2015-01-01T00:00:00+01:00,2018-07-31T23:00:00+02:00,31391,2.3450462089967914,True,
2018-08-02,2018-08-01T11:00:00+02:00,2015-01-01T00:00:00+01:00,2018-08-01T23:00:00+02:00,31415,2.348557625009562,True,
2018-08-03,2018-08-02T11:00:00+02:00,2015-01-01T00:00:00+01:00,2018-08-02T23:00:00+02:00,31439,2.3716009170020698,True,
2018-08-04,2018-08-03T11:00:00+02:00,2015-01-01T00:00:00+01:00,2018-08-03T23:00:00+02:00,31463,2.4746215420018416,True,
2018-08-05,2018-08-04T11:00:00+02:00,2015-01-01T00:00:00+01:00,2018-08-04T23:00:00+02:00,31487,2.3596115410036873,True,
2018-08-06,2018-08-05T11:00:00+02:00,2015-01-01T00:00:00+01:00,2018-08-05T23:00:00+02:00,31511,2.372757042001467,True,
2018-08-07,2018-08-06T11:00:00+02:00,2015-01-01T00:00:00+01:00,2018-08-06T23:00:00+02:00,31535,2.3794656659883913,True,
2018-08-08,2018-08-07T11:00:00+02:00,2015-01-01T00:00:00+01:00,2018-08-07T23:00:00+02:00,31559,2.3884018750104588,True,
2018-08-09,2018-08-08T11:00:00+02:00,2015-01-01T00:00:00+01:00,2018-08-08T23:00:00+02:00,31583,2.387988417001907,True,
2018-08-10,2018-08-09T11:00:00+02:00,2015-01-01T00:00:00+01:00,2018-08-09T23:00:00+02:00,31607,2.354684999998426,True,
2018-08-11,2018-08-10T11:00:00+02:00,2015-01-01T00:00:00+01:00,2018-08-10T23:00:00+02:00,31631,2.3667990420071874,True,
2018-08-12,2018-08-11T11:00:00+02:00,2015-01-01T00:00:00+01:00,2018-08-11T23:00:00+02:00,31655,2.3801237499865238,True,
2018-08-13,2018-08-12T11:00:00+02:00,2015-01-01T00:00:00+01:00,2018-08-12T23:00:00+02:00,31679,2.401059041003464,True,
2018-08-14,2018-08-13T11:00:00+02:00,2015-01-01T00:00:00+01:00,2018-08-13T23:00:00+02:00,31703,2.3875322499952745,True,
2018-08-15,2018-08-14T11:00:00+02:00,2015-01-01T00:00:00+01:00,2018-08-14T23:00:00+02:00,31727,2.3844332079897868,True,
2018-08-16,2018-08-15T11:00:00+02:00,2015-01-01T00:00:00+01:00,2018-08-15T23:00:00+02:00,31751,2.392063874998712,True,
2018-08-17,2018-08-16T11:00:00+02:00,2015-01-01T00:00:00+01:00,2018-08-16T23:00:00+02:00,31775,2.639871667008265,True,
2018-08-18,2018-08-17T11:00:00+02:00,2015-01-01T00:00:00+01:00,2018-08-17T23:00:00+02:00,31799,2.380149625008926,True,
2018-08-19,2018-08-18T11:00:00+02:00,2015-01-01T00:00:00+01:00,2018-08-18T23:00:00+02:00,31823,2.393072792008752,True,
2018-08-20,2018-08-19T11:00:00+02:00,2015-01-01T00:00:00+01:00,2018-08-19T23:00:00+02:00,31847,2.4538237499946263,True,
2018-08-21,2018-08-20T11:00:00+02:00,2015-01-01T00:00:00+01:00,2018-08-20T23:00:00+02:00,31871,2.40207687500515,True,
2018-08-22,2018-08-21T11:00:00+02:00,2015-01-01T00:00:00+01:00,2018-08-21T23:00:00+02:00,31895,2.393470749986591,True,
2018-08-23,2018-08-22T11:00:00+02:00,2015-01-01T00:00:00+01:00,2018-08-22T23:00:00+02:00,31919,2.4114102500025183,True,
2018-08-24,2018-08-23T11:00:00+02:00,2015-01-01T00:00:00+01:00,2018-08-23T23:00:00+02:00,31943,2.7425571659987327,True,
2018-08-25,2018-08-24T11:00:00+02:00,2015-01-01T00:00:00+01:00,2018-08-24T23:00:00+02:00,31967,2.4019407919986406,True,
2018-08-26,2018-08-25T11:00:00+02:00,2015-01-01T00:00:00+01:00,2018-08-25T23:00:00+02:00,31991,2.378960999994888,True,
2018-08-27,2018-08-26T11:00:00+02:00,2015-01-01T00:00:00+01:00,2018-08-26T23:00:00+02:00,32015,2.3988202499895124,True,
2018-08-28,2018-08-27T11:00:00+02:00,2015-01-01T00:00:00+01:00,2018-08-27T23:00:00+02:00,32039,2.4186592920013936,True,
2018-08-29,2018-08-28T11:00:00+02:00,2015-01-01T00:00:00+01:00,2018-08-28T23:00:00+02:00,32063,2.6402186670020455,True,
2018-08-30,2018-08-29T11:00:00+02:00,2015-01-01T00:00:00+01:00,2018-08-29T23:00:00+02:00,32087,2.586107583003468,True,
2018-08-31,2018-08-30T11:00:00+02:00,2015-01-01T00:00:00+01:00,2018-08-30T23:00:00+02:00,32111,2.462699791009072,True,
2018-09-01,2018-08-31T11:00:00+02:00,2015-01-01T00:00:00+01:00,2018-08-31T23:00:00+02:00,32135,2.3902908750023926,True,
2018-09-02,2018-09-01T11:00:00+02:00,2015-01-01T00:00:00+01:00,2018-09-01T23:00:00+02:00,32159,2.447854166995967,True,
2018-09-03,2018-09-02T11:00:00+02:00,2015-01-01T00:00:00+01:00,2018-09-02T23:00:00+02:00,32183,2.5184341250133,True,
2018-09-04,2018-09-03T11:00:00+02:00,2015-01-01T00:00:00+01:00,2018-09-03T23:00:00+02:00,32207,2.407875959004741,True,
2018-09-05,2018-09-04T11:00:00+02:00,2015-01-01T00:00:00+01:00,2018-09-04T23:00:00+02:00,32231,2.438680791994557,True,
2018-09-06,2018-09-05T11:00:00+02:00,2015-01-01T00:00:00+01:00,2018-09-05T23:00:00+02:00,32255,2.4212401249969844,True,
2018-09-07,2018-09-06T11:00:00+02:00,2015-01-01T00:00:00+01:00,2018-09-06T23:00:00+02:00,32279,2.418088999998872,True,
2018-09-08,2018-09-07T11:00:00+02:00,2015-01-01T00:00:00+01:00,2018-09-07T23:00:00+02:00,32303,2.5511594590061577,True,
2018-09-09,2018-09-08T11:00:00+02:00,2015-01-01T00:00:00+01:00,2018-09-08T23:00:00+02:00,32327,2.4583168329991167,True,
2018-09-10,2018-09-09T11:00:00+02:00,2015-01-01T00:00:00+01:00,2018-09-09T23:00:00+02:00,32351,2.4226123749976978,True,
2018-09-11,2018-09-10T11:00:00+02:00,2015-01-01T00:00:00+01:00,2018-09-10T23:00:00+02:00,32375,2.4199497910012724,True,
2018-09-12,2018-09-11T11:00:00+02:00,2015-01-01T00:00:00+01:00,2018-09-11T23:00:00+02:00,32399,2.4596569999994244,True,
2018-09-13,2018-09-12T11:00:00+02:00,2015-01-01T00:00:00+01:00,2018-09-12T23:00:00+02:00,32423,2.503307291000965,True,
2018-09-14,2018-09-13T11:00:00+02:00,2015-01-01T00:00:00+01:00,2018-09-13T23:00:00+02:00,32447,2.4295156250009313,True,
2018-09-15,2018-09-14T11:00:00+02:00,2015-01-01T00:00:00+01:00,2018-09-14T23:00:00+02:00,32471,2.461801707991981,True,
2018-09-16,2018-09-15T11:00:00+02:00,2015-01-01T00:00:00+01:00,2018-09-15T23:00:00+02:00,32495,2.4577343339915387,True,
2018-09-17,2018-09-16T11:00:00+02:00,2015-01-01T00:00:00+01:00,2018-09-16T23:00:00+02:00,32519,2.475439749992802,True,
2018-09-18,2018-09-17T11:00:00+02:00,2015-01-01T00:00:00+01:00,2018-09-17T23:00:00+02:00,32543,2.4453647079935763,True,
2018-09-19,2018-09-18T11:00:00+02:00,2015-01-01T00:00:00+01:00,2018-09-18T23:00:00+02:00,32567,2.475068375002593,True,
2018-09-20,2018-09-19T11:00:00+02:00,2015-01-01T00:00:00+01:00,2018-09-19T23:00:00+02:00,32591,2.4655708339996636,True,
2018-09-21,2018-09-20T11:00:00+02:00,2015-01-01T00:00:00+01:00,2018-09-20T23:00:00+02:00,32615,2.483158667004318,True,
2018-09-22,2018-09-21T11:00:00+02:00,2015-01-01T00:00:00+01:00,2018-09-21T23:00:00+02:00,32639,2.4661065410036827,True,
2018-09-23,2018-09-22T11:00:00+02:00,2015-01-01T00:00:00+01:00,2018-09-22T23:00:00+02:00,32663,2.4730957499996293,True,
2018-09-24,2018-09-23T11:00:00+02:00,2015-01-01T00:00:00+01:00,2018-09-23T23:00:00+02:00,32687,2.480444917004206,True,
2018-09-25,2018-09-24T11:00:00+02:00,2015-01-01T00:00:00+01:00,2018-09-24T23:00:00+02:00,32711,2.8545102500065695,True,
2018-09-26,2018-09-25T11:00:00+02:00,2015-01-01T00:00:00+01:00,2018-09-25T23:00:00+02:00,32735,2.4620173329894897,True,
2018-09-27,2018-09-26T11:00:00+02:00,2015-01-01T00:00:00+01:00,2018-09-26T23:00:00+02:00,32759,2.456201416993281,True,
2018-09-28,2018-09-27T11:00:00+02:00,2015-01-01T00:00:00+01:00,2018-09-27T23:00:00+02:00,32783,2.467267667001579,True,
2018-09-29,2018-09-28T11:00:00+02:00,2015-01-01T00:00:00+01:00,2018-09-28T23:00:00+02:00,32807,2.4911647500121035,True,
2018-09-30,2018-09-29T11:00:00+02:00,2015-01-01T00:00:00+01:00,2018-09-29T23:00:00+02:00,32831,2.487595834012609,True,
2018-10-01,2018-09-30T11:00:00+02:00,2015-01-01T00:00:00+01:00,2018-09-30T23:00:00+02:00,32855,2.4490188750060042,True,
2018-10-02,2018-10-01T11:00:00+02:00,2015-01-01T00:00:00+01:00,2018-10-01T23:00:00+02:00,32879,2.4789160000073025,True,
2018-10-03,2018-10-02T11:00:00+02:00,2015-01-01T00:00:00+01:00,2018-10-02T23:00:00+02:00,32903,2.4638757089996943,True,
2018-10-04,2018-10-03T11:00:00+02:00,2015-01-01T00:00:00+01:00,2018-10-03T23:00:00+02:00,32927,2.4612874999875203,True,
2018-10-05,2018-10-04T11:00:00+02:00,2015-01-01T00:00:00+01:00,2018-10-04T23:00:00+02:00,32951,2.459337540989509,True,
2018-10-06,2018-10-05T11:00:00+02:00,2015-01-01T00:00:00+01:00,2018-10-05T23:00:00+02:00,32975,2.483215749991359,True,
2018-10-07,2018-10-06T11:00:00+02:00,2015-01-01T00:00:00+01:00,2018-10-06T23:00:00+02:00,32999,2.496555541001726,True,
2018-10-08,2018-10-07T11:00:00+02:00,2015-01-01T00:00:00+01:00,2018-10-07T23:00:00+02:00,33023,2.5183033749926835,True,
2018-10-09,2018-10-08T11:00:00+02:00,2015-01-01T00:00:00+01:00,2018-10-08T23:00:00+02:00,33047,2.473374833003618,True,
2018-10-10,2018-10-09T11:00:00+02:00,2015-01-01T00:00:00+01:00,2018-10-09T23:00:00+02:00,33071,2.475468084012391,True,
2018-10-11,2018-10-10T11:00:00+02:00,2015-01-01T00:00:00+01:00,2018-10-10T23:00:00+02:00,33095,2.5092092090053484,True,
2018-10-12,2018-10-11T11:00:00+02:00,2015-01-01T00:00:00+01:00,2018-10-11T23:00:00+02:00,33119,2.5537234999937937,True,
2018-10-13,2018-10-12T11:00:00+02:00,2015-01-01T00:00:00+01:00,2018-10-12T23:00:00+02:00,33143,2.507735125007457,True,
2018-10-14,2018-10-13T11:00:00+02:00,2015-01-01T00:00:00+01:00,2018-10-13T23:00:00+02:00,33167,2.4806875419890275,True,
2018-10-15,2018-10-14T11:00:00+02:00,2015-01-01T00:00:00+01:00,2018-10-14T23:00:00+02:00,33191,2.5419452079950133,True,
2018-10-16,2018-10-15T11:00:00+02:00,2015-01-01T00:00:00+01:00,2018-10-15T23:00:00+02:00,33215,2.524025499995332,True,
2018-10-17,2018-10-16T11:00:00+02:00,2015-01-01T00:00:00+01:00,2018-10-16T23:00:00+02:00,33239,2.537781208011438,True,
2018-10-18,2018-10-17T11:00:00+02:00,2015-01-01T00:00:00+01:00,2018-10-17T23:00:00+02:00,33263,2.5071764580061426,True,
2018-10-19,2018-10-18T11:00:00+02:00,2015-01-01T00:00:00+01:00,2018-10-18T23:00:00+02:00,33287,2.5154725419997703,True,
2018-10-20,2018-10-19T11:00:00+02:00,2015-01-01T00:00:00+01:00,2018-10-19T23:00:00+02:00,33311,2.5139689589996124,True,
2018-10-21,2018-10-20T11:00:00+02:00,2015-01-01T00:00:00+01:00,2018-10-20T23:00:00+02:00,33335,2.6075993749982445,True,
2018-10-22,2018-10-21T11:00:00+02:00,2015-01-01T00:00:00+01:00,2018-10-21T23:00:00+02:00,33359,2.5563239170005545,True,
2018-10-23,2018-10-22T11:00:00+02:00,2015-01-01T00:00:00+01:00,2018-10-22T23:00:00+02:00,33383,2.624869041988859,True,
2018-10-24,2018-10-23T11:00:00+02:00,2015-01-01T00:00:00+01:00,2018-10-23T23:00:00+02:00,33407,2.5402616659994237,True,
2018-10-25,2018-10-24T11:00:00+02:00,2015-01-01T00:00:00+01:00,2018-10-24T23:00:00+02:00,33431,2.491117375000613,True,
2018-10-26,2018-10-25T11:00:00+02:00,2015-01-01T00:00:00+01:00,2018-10-25T23:00:00+02:00,33455,2.6246832499891752,True,
2018-10-27,2018-10-26T11:00:00+02:00,2015-01-01T00:00:00+01:00,2018-10-26T23:00:00+02:00,33479,2.5343055840057787,True,
2018-10-29,2018-10-28T11:00:00+01:00,2015-01-01T00:00:00+01:00,2018-10-28T23:00:00+01:00,33528,2.4951395420066547,True,
2018-10-30,2018-10-29T11:00:00+01:00,2015-01-01T00:00:00+01:00,2018-10-29T23:00:00+01:00,33552,2.5096933750028256,True,
2018-10-31,2018-10-30T11:00:00+01:00,2015-01-01T00:00:00+01:00,2018-10-30T23:00:00+01:00,33576,2.5459426660090685,True,
2018-11-01,2018-10-31T11:00:00+01:00,2015-01-01T00:00:00+01:00,2018-10-31T23:00:00+01:00,33600,2.523230874998262,True,
2018-11-02,2018-11-01T11:00:00+01:00,2015-01-01T00:00:00+01:00,2018-11-01T23:00:00+01:00,33624,2.5459057919943007,True,
2018-11-03,2018-11-02T11:00:00+01:00,2015-01-01T00:00:00+01:00,2018-11-02T23:00:00+01:00,33648,2.5080569999990985,True,
2018-11-04,2018-11-03T11:00:00+01:00,2015-01-01T00:00:00+01:00,2018-11-03T23:00:00+01:00,33672,2.554873208006029,True,
2018-11-05,2018-11-04T11:00:00+01:00,2015-01-01T00:00:00+01:00,2018-11-04T23:00:00+01:00,33696,2.550752625000314,True,
2018-11-06,2018-11-05T11:00:00+01:00,2015-01-01T00:00:00+01:00,2018-11-05T23:00:00+01:00,33720,2.5197912079893285,True,
2018-11-07,2018-11-06T11:00:00+01:00,2015-01-01T00:00:00+01:00,2018-11-06T23:00:00+01:00,33744,2.5261522499931743,True,
2018-11-08,2018-11-07T11:00:00+01:00,2015-01-01T00:00:00+01:00,2018-11-07T23:00:00+01:00,33768,2.51834195900301,True,
2018-11-09,2018-11-08T11:00:00+01:00,2015-01-01T00:00:00+01:00,2018-11-08T23:00:00+01:00,33792,2.573107499993057,True,
2018-11-10,2018-11-09T11:00:00+01:00,2015-01-01T00:00:00+01:00,2018-11-09T23:00:00+01:00,33816,2.5284615000127815,True,
2018-11-11,2018-11-10T11:00:00+01:00,2015-01-01T00:00:00+01:00,2018-11-10T23:00:00+01:00,33840,2.557675999996718,True,
2018-11-12,2018-11-11T11:00:00+01:00,2015-01-01T00:00:00+01:00,2018-11-11T23:00:00+01:00,33864,2.585570832990925,True,
2018-11-13,2018-11-12T11:00:00+01:00,2015-01-01T00:00:00+01:00,2018-11-12T23:00:00+01:00,33888,2.5635960420040647,True,
2018-11-14,2018-11-13T11:00:00+01:00,2015-01-01T00:00:00+01:00,2018-11-13T23:00:00+01:00,33912,2.5841371249989606,True,
2018-11-15,2018-11-14T11:00:00+01:00,2015-01-01T00:00:00+01:00,2018-11-14T23:00:00+01:00,33936,2.5422788339928957,True,
2018-11-16,2018-11-15T11:00:00+01:00,2015-01-01T00:00:00+01:00,2018-11-15T23:00:00+01:00,33960,2.579059583003982,True,
2018-11-17,2018-11-16T11:00:00+01:00,2015-01-01T00:00:00+01:00,2018-11-16T23:00:00+01:00,33984,2.6277447909960756,True,
2018-11-18,2018-11-17T11:00:00+01:00,2015-01-01T00:00:00+01:00,2018-11-17T23:00:00+01:00,34008,2.568210249999538,True,
2018-11-19,2018-11-18T11:00:00+01:00,2015-01-01T00:00:00+01:00,2018-11-18T23:00:00+01:00,34032,2.649543708001147,True,
2018-11-20,2018-11-19T11:00:00+01:00,2015-01-01T00:00:00+01:00,2018-11-19T23:00:00+01:00,34056,2.599335915991105,True,
2018-11-21,2018-11-20T11:00:00+01:00,2015-01-01T00:00:00+01:00,2018-11-20T23:00:00+01:00,34080,2.6527287919889204,True,
2018-11-22,2018-11-21T11:00:00+01:00,2015-01-01T00:00:00+01:00,2018-11-21T23:00:00+01:00,34104,2.6297887500113575,True,
2018-11-23,2018-11-22T11:00:00+01:00,2015-01-01T00:00:00+01:00,2018-11-22T23:00:00+01:00,34128,2.6156976659985958,True,
2018-11-24,2018-11-23T11:00:00+01:00,2015-01-01T00:00:00+01:00,2018-11-23T23:00:00+01:00,34152,2.673945041009574,True,
2018-11-25,2018-11-24T11:00:00+01:00,2015-01-01T00:00:00+01:00,2018-11-24T23:00:00+01:00,34176,2.6611031670036027,True,
2018-11-26,2018-11-25T11:00:00+01:00,2015-01-01T00:00:00+01:00,2018-11-25T23:00:00+01:00,34200,2.625535333994776,True,
2018-11-27,2018-11-26T11:00:00+01:00,2015-01-01T00:00:00+01:00,2018-11-26T23:00:00+01:00,34224,2.5778816669917433,True,
2018-11-28,2018-11-27T11:00:00+01:00,2015-01-01T00:00:00+01:00,2018-11-27T23:00:00+01:00,34248,2.611810875008814,True,
2018-11-29,2018-11-28T11:00:00+01:00,2015-01-01T00:00:00+01:00,2018-11-28T23:00:00+01:00,34272,2.574831958001596,True,
2018-11-30,2018-11-29T11:00:00+01:00,2015-01-01T00:00:00+01:00,2018-11-29T23:00:00+01:00,34296,2.5988826249958947,True,
2018-12-01,2018-11-30T11:00:00+01:00,2015-01-01T00:00:00+01:00,2018-11-30T23:00:00+01:00,34320,2.6066794590005884,True,
2018-12-02,2018-12-01T11:00:00+01:00,2015-01-01T00:00:00+01:00,2018-12-01T23:00:00+01:00,34344,2.595506875004503,True,
2018-12-03,2018-12-02T11:00:00+01:00,2015-01-01T00:00:00+01:00,2018-12-02T23:00:00+01:00,34368,2.5753739580104593,True,
2018-12-04,2018-12-03T11:00:00+01:00,2015-01-01T00:00:00+01:00,2018-12-03T23:00:00+01:00,34392,2.951764875004301,True,
2018-12-05,2018-12-04T11:00:00+01:00,2015-01-01T00:00:00+01:00,2018-12-04T23:00:00+01:00,34416,2.623819750006078,True,
2018-12-06,2018-12-05T11:00:00+01:00,2015-01-01T00:00:00+01:00,2018-12-05T23:00:00+01:00,34440,2.668657040994731,True,overflow encountered in matmul
2018-12-07,2018-12-06T11:00:00+01:00,2015-01-01T00:00:00+01:00,2018-12-06T23:00:00+01:00,34464,2.608209958008956,True,overflow encountered in matmul
2018-12-08,2018-12-07T11:00:00+01:00,2015-01-01T00:00:00+01:00,2018-12-07T23:00:00+01:00,34488,2.6934280830028,True,overflow encountered in matmul
2018-12-09,2018-12-08T11:00:00+01:00,2015-01-01T00:00:00+01:00,2018-12-08T23:00:00+01:00,34512,2.6497334580053575,True,overflow encountered in matmul
2018-12-10,2018-12-09T11:00:00+01:00,2015-01-01T00:00:00+01:00,2018-12-09T23:00:00+01:00,34536,2.592867458006367,True,overflow encountered in matmul | overflow encountered in matmul
2018-12-11,2018-12-10T11:00:00+01:00,2015-01-01T00:00:00+01:00,2018-12-10T23:00:00+01:00,34560,2.623604833992431,True,overflow encountered in matmul | overflow encountered in matmul
2018-12-12,2018-12-11T11:00:00+01:00,2015-01-01T00:00:00+01:00,2018-12-11T23:00:00+01:00,34584,2.5962693330075126,True,overflow encountered in matmul | overflow encountered in matmul
2018-12-13,2018-12-12T11:00:00+01:00,2015-01-01T00:00:00+01:00,2018-12-12T23:00:00+01:00,34608,2.5933846669940976,True,overflow encountered in matmul | overflow encountered in matmul
2018-12-14,2018-12-13T11:00:00+01:00,2015-01-01T00:00:00+01:00,2018-12-13T23:00:00+01:00,34632,2.6236714999977266,True,overflow encountered in matmul | overflow encountered in matmul
2018-12-15,2018-12-14T11:00:00+01:00,2015-01-01T00:00:00+01:00,2018-12-14T23:00:00+01:00,34656,2.6075042089942144,True,overflow encountered in matmul | overflow encountered in matmul
2018-12-16,2018-12-15T11:00:00+01:00,2015-01-01T00:00:00+01:00,2018-12-15T23:00:00+01:00,34680,2.6375814999919385,True,overflow encountered in matmul | overflow encountered in matmul
2018-12-17,2018-12-16T11:00:00+01:00,2015-01-01T00:00:00+01:00,2018-12-16T23:00:00+01:00,34704,2.5935874999995576,True,overflow encountered in matmul | overflow encountered in matmul
2018-12-18,2018-12-17T11:00:00+01:00,2015-01-01T00:00:00+01:00,2018-12-17T23:00:00+01:00,34728,2.606366749998415,True,overflow encountered in matmul | overflow encountered in matmul
2018-12-19,2018-12-18T11:00:00+01:00,2015-01-01T00:00:00+01:00,2018-12-18T23:00:00+01:00,34752,2.638902708000387,True,overflow encountered in matmul | overflow encountered in matmul
2018-12-20,2018-12-19T11:00:00+01:00,2015-01-01T00:00:00+01:00,2018-12-19T23:00:00+01:00,34776,2.6438917080085957,True,overflow encountered in matmul | overflow encountered in matmul
2018-12-21,2018-12-20T11:00:00+01:00,2015-01-01T00:00:00+01:00,2018-12-20T23:00:00+01:00,34800,2.596193624995067,True,overflow encountered in matmul | overflow encountered in matmul
2018-12-22,2018-12-21T11:00:00+01:00,2015-01-01T00:00:00+01:00,2018-12-21T23:00:00+01:00,34824,2.6258471670007566,True,overflow encountered in matmul | overflow encountered in matmul
2018-12-23,2018-12-22T11:00:00+01:00,2015-01-01T00:00:00+01:00,2018-12-22T23:00:00+01:00,34848,2.6345122089987854,True,overflow encountered in matmul | overflow encountered in matmul
2018-12-24,2018-12-23T11:00:00+01:00,2015-01-01T00:00:00+01:00,2018-12-23T23:00:00+01:00,34872,2.625027083005989,True,overflow encountered in matmul | overflow encountered in matmul
2018-12-25,2018-12-24T11:00:00+01:00,2015-01-01T00:00:00+01:00,2018-12-24T23:00:00+01:00,34896,2.6276176670071436,True,overflow encountered in matmul | overflow encountered in matmul
2018-12-26,2018-12-25T11:00:00+01:00,2015-01-01T00:00:00+01:00,2018-12-25T23:00:00+01:00,34920,2.6245950419979636,True,overflow encountered in matmul | overflow encountered in matmul
2018-12-27,2018-12-26T11:00:00+01:00,2015-01-01T00:00:00+01:00,2018-12-26T23:00:00+01:00,34944,2.667706125008408,True,overflow encountered in matmul | overflow encountered in matmul
2018-12-28,2018-12-27T11:00:00+01:00,2015-01-01T00:00:00+01:00,2018-12-27T23:00:00+01:00,34968,2.6343487499980256,True,overflow encountered in matmul | overflow encountered in matmul
2018-12-29,2018-12-28T11:00:00+01:00,2015-01-01T00:00:00+01:00,2018-12-28T23:00:00+01:00,34992,2.6417037909995997,True,overflow encountered in matmul | overflow encountered in matmul
2018-12-30,2018-12-29T11:00:00+01:00,2015-01-01T00:00:00+01:00,2018-12-29T23:00:00+01:00,35016,2.6145773340103915,True,overflow encountered in matmul | overflow encountered in matmul
2018-12-31,2018-12-30T11:00:00+01:00,2015-01-01T00:00:00+01:00,2018-12-30T23:00:00+01:00,35040,2.6304797909979243,True,overflow encountered in matmul | overflow encountered in matmul
