year,coverage,model,n_forecasts,n_days,MAE,RMSE,MAPE,R2,MASE
2018,individual,LinearRegression,8712,363,7.0222688608815425,9.505106847177256,22.30388769474918,0.448770988652635,0.8884789351570977
2018,individual,Ridge,8712,363,6.514844455004591,8.838502688193211,21.139310085146256,0.5233764940167598,0.8242780472762995
2018,individual,ElasticNet,8712,363,6.497337758379247,8.809482103700608,20.92340418883126,0.5265012732251615,0.8220630464718656
2018,individual,GradientBoosting,8712,363,7.58716008736835,10.081127969683179,23.282311387555197,0.37993628828352577,0.9599507009541111
2018,individual,RandomForest,8712,363,8.317299761548776,10.826451870891912,24.183182028126524,0.28486117037520786,1.052330205795562
2018,individual,XGBoost,8712,363,7.828541856634526,10.581492777588414,24.526882752031646,0.3168565007774635,0.9904910607114312
2018,individual,LightGBM,8712,363,7.229825914144406,9.893847574374343,23.652188333574387,0.40276054450080345,0.9147396883866721
2018,individual,Bagging,8712,363,8.501350999437893,10.998471947786983,24.425930870396996,0.2619551346266301,1.0756169313672654
2018,individual,GRU,8712,363,7.241136584940312,9.496407373947997,22.062738474226865,0.4497795428178313,0.9161707490515008
2018,individual,LSTM,8712,363,8.801430555211203,10.907488665966621,24.630506942881873,0.2741153694276931,1.1135839146112558
2018,individual,ETS_day,8712,363,8.470005497777823,11.339098063338875,22.209156933583937,0.21553227076596382,1.071651002621352
2018,individual,Naive_day,8664,361,6.975585180055401,10.41144931815125,20.65010284645174,0.3395974178645246,0.8825723730684999
2018,common,LinearRegression,8664,361,7.025383434903047,9.515105603985095,22.356663778688525,0.4484135241533974,0.8888730005887859
2018,common,Ridge,8664,361,6.52949768709603,8.855123746387227,21.216075401587258,0.5222775474746975,0.8261320190200668
2018,common,ElasticNet,8664,361,6.511159602608495,8.825554222692949,20.99828975028361,0.5254626955486831,0.8238118284803584
2018,common,GradientBoosting,8664,361,7.599999804705289,10.096777783719322,23.357559944322233,0.3789136562686013,0.9615752212641764
2018,common,RandomForest,8664,361,8.34277526920483,10.85080886935231,24.278366440413187,0.28268384589498763,1.0555534449456498
2018,common,XGBoost,8664,361,7.838282938942751,10.594397497016153,24.600535791131932,0.3161845470553759,0.9917235322399284
2018,common,LightGBM,8664,361,7.245831142596182,9.912359797344438,23.73782675899527,0.40139478073403423,0.9167647188452743
2018,common,Bagging,8664,361,8.527231993546605,11.023027124848742,24.522098377454643,0.2597334320525535,1.0788914739035975
2018,common,GRU,8664,361,7.258286523545707,9.514250085266774,22.141309456798737,0.44851270777997654,0.9183406117400419
2018,common,LSTM,8664,361,8.813939053554941,10.923070854209623,24.699334010456607,0.27309796364568095,1.1151665280812084
2018,common,ETS_day,8664,361,8.485191684053415,11.357720633811573,22.270611549670058,0.2140973590445957,1.0735724053586349
2018,common,Naive_day,8664,361,6.975585180055401,10.41144931815125,20.65010284645174,0.3395974178645246,0.8825723730684999
