model,configuration,is_submitted_configuration,parameters,epochs_run,runtime_minutes,MAE,RMSE,MAPE,R2,MASE
GRU,0,True,"{""batch_size"": 256, ""dense_units"": 64, ""dropout"": 0.1, ""learning_rate"": 0.001, ""units"": 64}",58,0.1832871158917745,10.514748573303223,13.111884839635055,48.347920179367065,0.22076624631881714,1.2157102807767781
GRU,1,False,"{""batch_size"": 32, ""dense_units"": 32, ""dropout"": 0.0, ""learning_rate"": 0.001, ""units"": 32}",34,0.11212155024210611,10.13782024383545,12.753104635987478,47.01237380504608,0.26282715797424316,1.1721300047430323
GRU,2,False,"{""batch_size"": 64, ""dense_units"": 64, ""dropout"": 0.2, ""learning_rate"": 0.001, ""units"": 32}",45,0.10639794667561848,10.749738693237305,13.342887761222972,49.921995401382446,0.19306761026382446,1.242879727834235
GRU,3,False,"{""batch_size"": 32, ""dense_units"": 32, ""dropout"": 0.0, ""learning_rate"": 0.0005, ""units"": 64}",42,0.18779776493708292,9.79399585723877,12.470072817127138,45.12127637863159,0.29518449306488037,1.132377191002091
GRU,4,False,"{""batch_size"": 64, ""dense_units"": 64, ""dropout"": 0.1, ""learning_rate"": 0.0005, ""units"": 64}",54,0.19715176820755004,10.272727012634277,12.879103515891426,47.52695858478546,0.24818885326385498,1.1877278618512397
GRU,5,False,"{""batch_size"": 64, ""dense_units"": 64, ""dropout"": 0.2, ""learning_rate"": 0.001, ""units"": 64}",35,0.13031794627507529,10.38266372680664,13.001914837004238,48.16367030143738,0.23378241062164307,1.200438692996884
GRU,6,False,"{""batch_size"": 64, ""dense_units"": 64, ""dropout"": 0.1, ""learning_rate"": 0.0005, ""units"": 128}",44,0.3540689667065938,9.919169425964355,12.499680171689644,45.78803777694702,0.29183369874954224,1.1468497000992255
GRU,7,False,"{""batch_size"": 32, ""dense_units"": 64, ""dropout"": 0.2, ""learning_rate"": 0.0001, ""units"": 128}",60,0.5319445371627808,11.758390426635742,14.464748809774846,55.681103467941284,0.05167049169540405,1.3594995664796565
GRU,8,False,"{""batch_size"": 64, ""dense_units"": 128, ""dropout"": 0.2, ""learning_rate"": 0.0001, ""units"": 64}",60,0.2087522308031718,13.620166778564453,16.60461185230251,65.58854579925537,-0.24966883659362793,1.5747572719557061
LSTM,0,True,"{""batch_size"": 256, ""dense_units"": 64, ""dropout"": 0.1, ""learning_rate"": 0.001, ""units"": 64}",34,0.10466861327489217,12.70666790008545,15.484629239209482,60.8356237411499,-0.08677363395690918,1.4691389616078345
LSTM,1,False,"{""batch_size"": 32, ""dense_units"": 32, ""dropout"": 0.0, ""learning_rate"": 0.001, ""units"": 32}",20,0.06147260268529256,13.452414512634277,16.15473314022956,62.314873933792114,-0.1828700304031372,1.5553618339294741
LSTM,2,False,"{""batch_size"": 64, ""dense_units"": 64, ""dropout"": 0.2, ""learning_rate"": 0.001, ""units"": 32}",38,0.08217843373616536,12.437024116516113,15.101023941185764,57.92728662490845,-0.033594727516174316,1.4379628742722712
LSTM,3,False,"{""batch_size"": 32, ""dense_units"": 32, ""dropout"": 0.0, ""learning_rate"": 0.0005, ""units"": 64}",29,0.12612208127975463,11.864485740661621,14.634260326965036,55.7390570640564,0.02931344509124756,1.3717662567485025
LSTM,4,False,"{""batch_size"": 64, ""dense_units"": 64, ""dropout"": 0.1, ""learning_rate"": 0.0005, ""units"": 64}",41,0.15599823395411175,11.398170471191406,14.087712316258594,53.887754678726196,0.10046422481536865,1.3178511047859065
LSTM,5,False,"{""batch_size"": 64, ""dense_units"": 64, ""dropout"": 0.2, ""learning_rate"": 0.001, ""units"": 64}",36,0.13991748094558715,11.265064239501953,13.98106357005091,52.35098600387573,0.11403226852416992,1.3024614249307762
LSTM,6,False,"{""batch_size"": 64, ""dense_units"": 64, ""dropout"": 0.1, ""learning_rate"": 0.0005, ""units"": 128}",30,0.24495878219604492,11.773164749145508,14.577557159191391,54.245299100875854,0.03682100772857666,1.3612077666939952
LSTM,7,False,"{""batch_size"": 32, ""dense_units"": 64, ""dropout"": 0.2, ""learning_rate"": 0.0001, ""units"": 128}",60,0.5317416667938233,12.121503829956055,14.840578402945903,56.37410879135132,0.0017504692077636719,1.4014825672548876
LSTM,8,False,"{""batch_size"": 64, ""dense_units"": 128, ""dropout"": 0.2, ""learning_rate"": 0.0001, ""units"": 64}",60,0.20644195079803468,13.625314712524414,16.515412501589424,65.46320915222168,-0.23627853393554688,1.575352473657036
