model,configuration,is_submitted_configuration,parameters,runtime_minutes,MAE,RMSE,MAPE,R2,MASE
LinearRegression,0,True,{},0.00022976795832316081,11.345696449279785,14.348899432255848,47.864943742752075,0.06680017709732056,1.3117840830718892
Ridge,0,True,"{""alpha"": 1.0}",6.468296051025391e-05,9.978375434875488,12.688876373350165,44.871291518211365,0.270233690738678,1.1536950709813951
Ridge,1,False,"{""alpha"": 0.01}",5.1311651865641276e-05,11.296289443969727,14.287028072436133,47.746360301971436,0.07483053207397461,1.3060716683737066
Ridge,2,False,"{""alpha"": 0.1}",5.59846560160319e-05,10.9697265625,13.872333992181165,46.988698840141296,0.1277589201927185,1.2683146217305918
Ridge,3,False,"{""alpha"": 10.0}",9.876489639282227e-05,8.841958045959473,11.456098266862064,41.92771315574646,0.40514522790908813,1.0223030273840383
Ridge,4,False,"{""alpha"": 100.0}",2.874930699666341e-05,8.237228393554688,10.828009446533502,40.17632305622101,0.468583881855011,0.9523844696178865
ElasticNet,0,True,"{""alpha"": 0.1, ""l1_ratio"": 0.5}",0.0016811291376749675,8.335097312927246,10.922981435372852,40.03593027591705,0.4592209458351135,0.9637000280090612
ElasticNet,1,False,"{""alpha"": 1.0, ""l1_ratio"": 0.5}",0.0005459785461425781,8.766946792602539,11.505404322025422,43.40434372425079,0.40001380443573,1.0136302615785382
ElasticNet,2,False,"{""alpha"": 1.0, ""l1_ratio"": 0.1}",0.00125428040822347,8.528033256530762,11.19040169193472,42.27958023548126,0.43241775035858154,0.9860071909939843
ElasticNet,3,False,"{""alpha"": 0.001, ""l1_ratio"": 0.1}",0.04075375000635783,10.523569107055664,13.322312441504383,46.00602686405182,0.19555437564849854,1.21673010673743
ElasticNet,4,False,"{""alpha"": 0.1, ""l1_ratio"": 0.9}",0.0029952168464660645,8.331557273864746,10.929308455945202,39.94080722332001,0.45859426259994507,0.9632907303589433
ElasticNet,5,False,"{""alpha"": 0.01, ""l1_ratio"": 0.9}",0.01837442715962728,9.737785339355469,12.402285309901684,44.070830941200256,0.302826464176178,1.1258781573825882
ElasticNet,6,False,"{""alpha"": 0.001, ""l1_ratio"": 0.9}",0.06743843158086141,10.99765682220459,13.914536242636915,47.01289236545563,0.12244373559951782,1.2715439052109259
ElasticNet,7,False,"{""alpha"": 0.001, ""l1_ratio"": 0.5}",0.05087345043818156,10.704763412475586,13.544614750708755,46.384453773498535,0.1684836745262146,1.2376797070423287
ElasticNet,8,False,"{""alpha"": 1.0, ""l1_ratio"": 0.9}",0.0008875687917073567,9.064979553222656,11.84816174634606,44.77746784687042,0.3637329936027527,1.048088669078085
ElasticNet,9,False,"{""alpha"": 0.01, ""l1_ratio"": 0.5}",0.010415101051330566,9.471169471740723,12.12818851036579,43.630850315093994,0.3333016633987427,1.0950521562644615
GradientBoosting,0,True,"{""learning_rate"": 0.1, ""max_depth"": 3, ""n_estimators"": 100}",0.4052281856536865,9.364726546677186,12.578297894817945,48.3065394301699,0.28289748513632473,1.0827452753710611
GradientBoosting,1,False,"{""learning_rate"": 0.05, ""max_depth"": 2, ""min_samples_leaf"": 5, ""n_estimators"": 100}",0.27796934843063353,9.346527479811833,12.485774257146502,47.979042280206194,0.29340843161858654,1.080641107826349
GradientBoosting,2,False,"{""learning_rate"": 0.03, ""max_depth"": 2, ""min_samples_leaf"": 1, ""n_estimators"": 100}",0.2747794032096863,9.691325180469514,12.815776942074,49.82524295427459,0.25556398886320897,1.1205064556808866
GradientBoosting,3,False,"{""learning_rate"": 0.03, ""max_depth"": 5, ""min_samples_leaf"": 5, ""n_estimators"": 300}",1.8673123319943745,9.391516180725471,12.60836013848431,48.18450628837556,0.27946562618754056,1.0858426802499033
GradientBoosting,4,False,"{""learning_rate"": 0.05, ""max_depth"": 2, ""min_samples_leaf"": 5, ""n_estimators"": 300}",0.8225172996520996,9.208039933185622,12.427803072759605,47.34212634349912,0.2999545787014265,1.0646292428712036
GradientBoosting,5,False,"{""learning_rate"": 0.03, ""max_depth"": 5, ""min_samples_leaf"": 1, ""n_estimators"": 100}",0.6174941182136535,9.587940725208112,12.836750497167875,49.18153064676222,0.2531253937140844,1.1085531936263942
GradientBoosting,6,False,"{""learning_rate"": 0.05, ""max_depth"": 2, ""min_samples_leaf"": 1, ""n_estimators"": 300}",0.8227504849433899,9.22623769816738,12.472587600703326,48.12771906820527,0.2949001548801643,1.0667332598927473
GradientBoosting,7,False,"{""learning_rate"": 0.03, ""max_depth"": 3, ""min_samples_leaf"": 1, ""n_estimators"": 300}",1.2161963979403179,9.417628473293538,12.63031031579035,48.38084335162219,0.27695465343978387,1.0888617712256257
GradientBoosting,8,False,"{""learning_rate"": 0.1, ""max_depth"": 3, ""min_samples_leaf"": 10, ""n_estimators"": 300}",1.1828731695810955,9.300827317240179,12.472114741791616,47.70630146211831,0.2949536171505346,1.0753572765407782
GradientBoosting,9,False,"{""learning_rate"": 0.03, ""max_depth"": 2, ""min_samples_leaf"": 5, ""n_estimators"": 300}",0.8252582629521688,9.21399322456469,12.388601196684574,47.311208178214876,0.3043640162940108,1.0653175596182507
GradientBoosting,10,False,"{""learning_rate"": 0.03, ""max_depth"": 3, ""min_samples_leaf"": 5, ""n_estimators"": 100}",0.3939799944559733,9.471614213175304,12.639479270931119,48.78594846859712,0.27590448498866227,1.095103577059789
RandomForest,0,True,"{""max_depth"": null, ""max_features"": 1.0, ""min_samples_leaf"": 1, ""n_estimators"": 600}",0.050966286659240724,9.284286480983118,12.333242502783683,48.234159493674824,0.31056705062735435,1.0734448328384711
RandomForest,1,False,"{""max_depth"": 10, ""max_features"": 0.5, ""min_samples_leaf"": 1, ""n_estimators"": 600}",0.023906099796295165,9.217213858312139,12.236482342516881,47.75010807034306,0.3213424745603961,1.0656899277761855
RandomForest,2,False,"{""max_depth"": 20, ""max_features"": 1.0, ""min_samples_leaf"": 1, ""n_estimators"": 600}",0.04834140539169311,9.284748419673528,12.333990848844314,48.234134194545504,0.3104833824299065,1.073498241972423
RandomForest,3,False,"{""max_depth"": 20, ""max_features"": 1.0, ""min_samples_leaf"": 1, ""n_estimators"": 300}",0.02415693203608195,9.22554012575824,12.264204228425172,47.90037196416761,0.318263979082947,1.0666526068991484
RandomForest,4,False,"{""max_depth"": null, ""max_features"": 1.0, ""min_samples_leaf"": 1, ""n_estimators"": 300}",0.026849400997161866,9.22548435529801,12.263110884002709,47.89838353401629,0.3183855261539995,1.0666461587447875
RandomForest,5,False,"{""max_depth"": 20, ""max_features"": 0.75, ""min_samples_leaf"": 5, ""n_estimators"": 300}",0.012397746245066324,9.289530896408296,12.353017504542112,48.1312640030661,0.3083544179438725,1.0740511896813958
RandomForest,6,False,"{""max_depth"": null, ""max_features"": 0.5, ""min_samples_leaf"": 10, ""n_estimators"": 600}",0.014539047082265218,9.474642583155342,12.567826612516512,49.26258020611665,0.28409094666280954,1.095453715771434
RandomForest,7,False,"{""max_depth"": null, ""max_features"": 1.0, ""min_samples_leaf"": 10, ""n_estimators"": 600}",0.024673215548197427,9.456870392736134,12.545250267564105,49.07813236037585,0.28666069771129377,1.0933989034804952
RandomForest,8,False,"{""max_depth"": 20, ""max_features"": 1.0, ""min_samples_leaf"": 10, ""n_estimators"": 300}",0.012532285849253337,9.420709100184881,12.506743094585257,48.92768266656944,0.2910331131325775,1.0892179518567586
RandomForest,9,False,"{""max_depth"": null, ""max_features"": 0.5, ""min_samples_leaf"": 5, ""n_estimators"": 600}",0.016793600718180337,9.257926453414939,12.32035602335581,48.11766279087762,0.3120070161628731,1.0703970988586442
RandomForest,10,False,"{""max_depth"": 10, ""max_features"": 1.0, ""min_samples_leaf"": 5, ""n_estimators"": 300}",0.016374218463897704,9.37464350241217,12.467269691327703,48.63230277891915,0.29550129039921846,1.083891869125251
XGBoost,0,True,"{""colsample_bytree"": 0.9, ""learning_rate"": 0.05, ""max_depth"": 6, ""n_estimators"": 1200, ""reg_lambda"": 1.0, ""subsample"": 0.9}",0.9335937817891439,9.639501571655273,12.887741746679344,50.00969171524048,0.24717998504638672,1.1145146344230403
XGBoost,1,False,"{""colsample_bytree"": 1.0, ""learning_rate"": 0.05, ""max_depth"": 9, ""n_estimators"": 1000, ""reg_lambda"": 1.0, ""subsample"": 1.0}",1.449094835917155,10.095681190490723,13.413072819489853,50.75342059135437,0.18455618619918823,1.1672579072300728
XGBoost,2,False,"{""colsample_bytree"": 0.8, ""learning_rate"": 0.03, ""max_depth"": 9, ""n_estimators"": 500, ""reg_lambda"": 5.0, ""subsample"": 1.0}",1.830983301003774,10.61082649230957,13.98524078587377,55.153924226760864,0.11350280046463013,1.2268187645486313
XGBoost,3,False,"{""colsample_bytree"": 1.0, ""learning_rate"": 0.03, ""max_depth"": 6, ""n_estimators"": 500, ""reg_lambda"": 5.0, ""subsample"": 0.8}",1.1337025841077168,10.254074096679688,13.630070574011679,54.04938459396362,0.15795814990997314,1.1855712204884559
XGBoost,4,False,"{""colsample_bytree"": 1.0, ""learning_rate"": 0.05, ""max_depth"": 3, ""n_estimators"": 500, ""reg_lambda"": 1.0, ""subsample"": 1.0}",0.24535006682078045,9.526899337768555,12.791357245829298,49.10423755645752,0.25839829444885254,1.1014956171426766
XGBoost,5,False,"{""colsample_bytree"": 0.8, ""learning_rate"": 0.1, ""max_depth"": 6, ""n_estimators"": 500, ""reg_lambda"": 1.0, ""subsample"": 0.8}",0.5914560834566752,9.687239646911621,12.924141441768422,50.57386755943298,0.2429215908050537,1.1200340882139745
XGBoost,6,False,"{""colsample_bytree"": 0.8, ""learning_rate"": 0.03, ""max_depth"": 6, ""n_estimators"": 1000, ""reg_lambda"": 1.0, ""subsample"": 0.8}",2.6372196316719054,9.616840362548828,12.839499111209822,50.27374029159546,0.25280553102493286,1.1118945560927334
XGBoost,7,False,"{""colsample_bytree"": 1.0, ""learning_rate"": 0.1, ""max_depth"": 6, ""n_estimators"": 1000, ""reg_lambda"": 1.0, ""subsample"": 0.8}",0.6062604665756226,9.640052795410156,12.933118880024406,50.610899925231934,0.24186939001083374,1.1145783666541202
XGBoost,8,False,"{""colsample_bytree"": 0.8, ""learning_rate"": 0.1, ""max_depth"": 9, ""n_estimators"": 500, ""reg_lambda"": 1.0, ""subsample"": 1.0}",0.6340540170669555,9.936515808105469,13.213369731012506,50.55111050605774,0.20865720510482788,1.1488552806374779
XGBoost,9,False,"{""colsample_bytree"": 0.8, ""learning_rate"": 0.1, ""max_depth"": 9, ""n_estimators"": 500, ""reg_lambda"": 5.0, ""subsample"": 0.8}",1.0336893677711487,10.61645793914795,14.00447392503525,55.356186628341675,0.11106282472610474,1.2274698697813753
XGBoost,10,False,"{""colsample_bytree"": 0.8, ""learning_rate"": 0.03, ""max_depth"": 9, ""n_estimators"": 500, ""reg_lambda"": 5.0, ""subsample"": 0.8}",1.7820450822512308,10.571120262145996,13.951594457804422,55.20794987678528,0.1177632212638855,1.2222279489067522
LightGBM,0,True,"{""colsample_bytree"": 0.9, ""learning_rate"": 0.03, ""min_child_samples"": 20, ""n_estimators"": 2000, ""num_leaves"": 63, ""subsample"": 0.9}",1.0390560468037924,9.69457624568165,12.8521274884651,50.231040600709974,0.25133497751691114,1.1208823423104448
LightGBM,1,False,"{""colsample_bytree"": 0.8, ""learning_rate"": 0.03, ""min_child_samples"": 50, ""n_estimators"": 1000, ""num_leaves"": 127, ""subsample"": 0.8, ""subsample_freq"": 1}",0.1765040159225464,9.613229403549507,12.932035244329684,50.94622046075441,0.241996427243642,1.1114770587129021
LightGBM,2,False,"{""colsample_bytree"": 1.0, ""learning_rate"": 0.03, ""min_child_samples"": 20, ""n_estimators"": 1000, ""num_leaves"": 31, ""subsample"": 0.8, ""subsample_freq"": 1}",0.4420336643854777,9.895188054505809,13.054354468197488,51.38199212831852,0.22758927460204093,1.144076985219166
LightGBM,3,False,"{""colsample_bytree"": 1.0, ""learning_rate"": 0.1, ""min_child_samples"": 20, ""n_estimators"": 1000, ""num_leaves"": 63, ""subsample"": 0.8, ""subsample_freq"": 0}",0.5552212516466777,9.739114770171636,12.913878847158475,50.43451733194021,0.24412338597910654,1.1260318655477934
LightGBM,4,False,"{""colsample_bytree"": 0.8, ""learning_rate"": 0.03, ""min_child_samples"": 50, ""n_estimators"": 1000, ""num_leaves"": 63, ""subsample"": 1.0, ""subsample_freq"": 0}",0.18361881573994954,9.73336226456755,13.018267332488733,51.15344735850711,0.231853838355624,1.1253667635575404
LightGBM,5,False,"{""colsample_bytree"": 1.0, ""learning_rate"": 0.03, ""min_child_samples"": 50, ""n_estimators"": 1000, ""num_leaves"": 31, ""subsample"": 0.8, ""subsample_freq"": 1}",0.1659618854522705,9.660413555183974,12.978023583469627,51.070093770818616,0.2365956829185739,1.116932468115405
LightGBM,6,False,"{""colsample_bytree"": 0.8, ""learning_rate"": 0.03, ""min_child_samples"": 20, ""n_estimators"": 500, ""num_leaves"": 127, ""subsample"": 0.8, ""subsample_freq"": 1}",0.19599899848302205,9.836928911598184,13.025705264947623,51.39397943192188,0.23097583342732209,1.137341090538634
LightGBM,7,False,"{""colsample_bytree"": 0.8, ""learning_rate"": 0.03, ""min_child_samples"": 50, ""n_estimators"": 1000, ""num_leaves"": 127, ""subsample"": 1.0, ""subsample_freq"": 0}",0.17592066923777264,9.73336226456755,13.018267332488733,51.15344735850711,0.231853838355624,1.1253667635575404
LightGBM,8,False,"{""colsample_bytree"": 1.0, ""learning_rate"": 0.03, ""min_child_samples"": 50, ""n_estimators"": 500, ""num_leaves"": 63, ""subsample"": 0.8, ""subsample_freq"": 0}",0.11127823193868001,9.556283950089396,12.797327887104432,50.17298484273069,0.2577057638654152,1.1048930521879412
LightGBM,9,False,"{""colsample_bytree"": 0.8, ""learning_rate"": 0.05, ""min_child_samples"": 50, ""n_estimators"": 500, ""num_leaves"": 63, ""subsample"": 0.8, ""subsample_freq"": 1}",0.08136508464813233,9.641827363150673,12.946693858302172,51.053384593869765,0.24027704140266615,1.1147835413409937
LightGBM,10,False,"{""colsample_bytree"": 1.0, ""learning_rate"": 0.05, ""min_child_samples"": 20, ""n_estimators"": 500, ""num_leaves"": 31, ""subsample"": 1.0, ""subsample_freq"": 1}",0.24981724818547565,9.756874977505701,12.908450029303047,50.42920827503313,0.24475877275579627,1.1280852923600684
Bagging,0,True,"{""max_features"": 1.0, ""max_samples"": 1.0, ""n_estimators"": 200, ""tree_max_depth"": null}",0.06671356360117595,9.248923597497654,12.28781242365697,47.99265688280173,0.3156368134669151,1.0693561928951119
Bagging,1,False,"{""max_features"": 0.7, ""max_samples"": 1.0, ""n_estimators"": 100, ""tree_max_depth"": 20}",0.007588346799214681,9.212698367434543,12.243028476837454,47.89296043106143,0.32061615934721865,1.0651678488463492
Bagging,2,False,"{""max_features"": 1.0, ""max_samples"": 0.7, ""n_estimators"": 300, ""tree_max_depth"": 10}",0.021733919779459637,9.01915184455306,12.024682114449973,46.81856957465257,0.34463280008935937,1.042790090972706
Bagging,3,False,"{""max_features"": 0.7, ""max_samples"": 0.7, ""n_estimators"": 100, ""tree_max_depth"": null}",0.006630134582519531,9.252560854127882,12.197223081962889,47.55216452303714,0.3256902683978038,1.0697767307946502
Bagging,4,False,"{""max_features"": 1.0, ""max_samples"": 1.0, ""n_estimators"": 100, ""tree_max_depth"": null}",0.010716021060943604,9.201364722192398,12.218831067174687,47.631261031776326,0.3232990059326212,1.063857458118174
Bagging,5,False,"{""max_features"": 0.7, ""max_samples"": 1.0, ""n_estimators"": 300, ""tree_max_depth"": 20}",0.023203051090240477,9.121050681046258,12.118793532610814,47.158892593964424,0.3343341666194395,1.054571586484496
Bagging,6,False,"{""max_features"": 0.7, ""max_samples"": 1.0, ""n_estimators"": 300, ""tree_max_depth"": null}",0.023132999738057453,9.120711030691716,12.117711009338917,47.15631215373165,0.3344530838317681,1.0545323162703764
Bagging,7,False,"{""max_features"": 1.0, ""max_samples"": 0.7, ""n_estimators"": 100, ""tree_max_depth"": 10}",0.008500635623931885,8.953071720792101,11.975980231921138,46.768975950682794,0.34993073318377765,1.0351499381672298
Bagging,8,False,"{""max_features"": 0.7, ""max_samples"": 0.7, ""n_estimators"": 100, ""tree_max_depth"": 10}",0.005639282862345377,9.267956157890316,12.219715424568804,47.57455399269711,0.3232010477595121,1.0715567285691279
Bagging,9,False,"{""max_features"": 1.0, ""max_samples"": 1.0, ""n_estimators"": 300, ""tree_max_depth"": null}",0.030613903204600015,9.211192572458723,12.257275242378201,47.852922210425085,0.3190340910099898,1.0649937495400192
Bagging,10,False,"{""max_features"": 0.7, ""max_samples"": 0.7, ""n_estimators"": 300, ""tree_max_depth"": 20}",0.016727848847707113,9.133436564573087,12.11152055279351,47.21394738925358,0.3351329130302376,1.0560036365078602
Ridge,extended,False,"{""alpha"": 30.0}",0.00010685125986735026,8.432206153869629,11.015934586740062,40.53559601306915,0.4499778151512146,0.9749277064899061
Ridge,extended,False,"{""alpha"": 300.0}",3.3803780873616536e-05,8.403841972351074,11.038184388177358,41.60621166229248,0.4477537274360657,0.9716482531736873
Ridge,extended,False,"{""alpha"": 1000.0}",0.00019254684448242188,9.006307601928711,11.733668888958096,45.14297544956207,0.3759704828262329,1.0413050456862347
Ridge,extended,False,"{""alpha"": 3000.0}",0.00014694531758626303,9.826959609985352,12.695274639366621,49.70037341117859,0.26949751377105713,1.1361884445786863
