model,configuration,is_submitted_configuration,parameters,runtime_minutes,MAE,RMSE,MAPE,R2,MASE,alpha
Ridge,1,False,"{""alpha"": 0.01}",5.1311651865641276e-05,11.296289443969727,14.287028072436133,47.746360301971436,0.07483053207397461,1.3060716683737066,0.01
Ridge,2,False,"{""alpha"": 0.1}",5.59846560160319e-05,10.9697265625,13.872333992181165,46.988698840141296,0.1277589201927185,1.2683146217305918,0.1
Ridge,0,True,"{""alpha"": 1.0}",6.468296051025391e-05,9.978375434875488,12.688876373350165,44.871291518211365,0.270233690738678,1.1536950709813951,1.0
Ridge,3,False,"{""alpha"": 10.0}",9.876489639282227e-05,8.841958045959473,11.456098266862064,41.92771315574646,0.40514522790908813,1.0223030273840383,10.0
Ridge,extended,False,"{""alpha"": 30.0}",0.00010685125986735026,8.432206153869629,11.015934586740062,40.53559601306915,0.4499778151512146,0.9749277064899061,30.0
Ridge,4,False,"{""alpha"": 100.0}",2.874930699666341e-05,8.237228393554688,10.828009446533502,40.17632305622101,0.468583881855011,0.9523844696178865,100.0
Ridge,extended,False,"{""alpha"": 300.0}",3.3803780873616536e-05,8.403841972351074,11.038184388177358,41.60621166229248,0.4477537274360657,0.9716482531736873,300.0
Ridge,extended,False,"{""alpha"": 1000.0}",0.00019254684448242188,9.006307601928711,11.733668888958096,45.14297544956207,0.3759704828262329,1.0413050456862347,1000.0
Ridge,extended,False,"{""alpha"": 3000.0}",0.00014694531758626303,9.826959609985352,12.695274639366621,49.70037341117859,0.26949751377105713,1.1361884445786863,3000.0
