year,model,n_forecasts,MAE,RMSE,MAPE,R2,MASE
2018,ElasticNet,8712,6.497337341308594,8.809481922379014,20.923402905464172,0.5265012979507446,0.8220629937028108
2018,Ridge,8712,6.51484489440918,8.8385028707132,21.13930881023407,0.52337646484375,0.824278102871112
2018,GRU,8712,7.24113655090332,9.496407482091213,22.062739729881287,0.44977957010269165,0.9161707447450365
2018,LinearRegression,8712,7.022268772125244,9.505106707861414,22.303888201713562,0.44877099990844727,0.8884789239273794
2018,LightGBM,8712,7.229825902565013,9.893847562463483,23.652188449906635,0.4027605497678015,0.9147396869216118
2018,GradientBoosting,8712,7.587160067014104,10.08112795150135,23.28231147959831,0.37993629449549526,0.9599506983788297
2018,XGBoost,8712,7.8285417556762695,10.58149266694198,24.52688217163086,0.3168565034866333,0.9904910479378838
2018,RandomForest,8712,8.317299736780829,10.826451851535314,24.18318210450769,0.2848611775172789,1.0523302026618453
2018,LSTM,8712,8.801431655883789,10.907488820894097,24.630507826805115,0.27411532402038574,1.113584053871718
2018,Bagging,8712,8.501350979906837,10.998471929417725,24.425930954874662,0.2619551418236771,1.0756169288961366
