delivery_day,reason,observed_delivery_hours
2015-01-01,insufficient_price_history,24
2015-01-02,insufficient_price_history,24
2015-01-03,insufficient_price_history,24
2015-01-04,insufficient_price_history,24
2015-01-05,insufficient_price_history,24
2015-01-06,insufficient_price_history,24
2015-01-07,insufficient_price_history,24
2015-01-08,missing_required_value,24
2015-03-29,non_24_hour_delivery_day,23
2015-10-25,non_24_hour_delivery_day,25
2016-03-27,non_24_hour_delivery_day,23
2016-10-30,non_24_hour_delivery_day,25
2017-03-26,non_24_hour_delivery_day,23
2017-10-29,non_24_hour_delivery_day,25
2018-03-25,non_24_hour_delivery_day,23
2018-10-28,non_24_hour_delivery_day,25
