variable,outlier_count,outlier_percent
gen_hydro_pumped_storage_consumption,3763,10.731804699977184
pressure,2264,6.4567647729865385
gen_fossil_gas,2185,6.231462468628793
gen_other,1267,3.613392653433721
price,841,2.398471366643851
wind_speed,833,2.37565594341775
gen_wind_onshore,377,1.0751768195300022
gen_hydro_water_reservoir,341,0.9725074150125484
gen_waste,328,0.9354323522701347
gen_fossil_oil,246,0.7015742642026009
gen_biomass,87,0.24811772758384668
gen_nuclear,79,0.22530230435774584
gen_other_renewable,5,0.014259639516313028
gen_solar,0,0.0
gen_fossil_brown_coal_lignite,0,0.0
total_load_actual,0,0.0
gen_hydro_run-of-river_and_poundage,0,0.0
temperature,0,0.0
gen_fossil_hard_coal,0,0.0
humidity,0,0.0
